label,seed,trigger_strategy,event_driven_freq,controller_freq,periodic_freq,threshold_confidence,TED_combined,TED_passenger,TED_freight,delay_ratio,n_delay_gt3min,n_delay_gt5min,max_end_delay,n_rescheduled,n_evaluated,n_skipped_no_improvement,total_solve_time_s,mean_solve_time_s,trigger_rate_pct,trigger_rate_mc_pct,n_platform_switches,n_fcfs_fallback,deadlock
P_100000,0,periodic,100000.0,100000.0,100000.0,0.6,45351.299999999974,37154.49999999997,8196.8,1.2461050153065933,71,21,1574.0,0,0,0,0,0.0,0.0,0.0,0,0,False
P_100000,1,periodic,100000.0,100000.0,100000.0,0.6,47273.89999999994,40960.09999999994,6313.800000000003,0.8706659074895498,78,22,489.49999999999955,0,0,0,0,0.0,0.0,0.0,0,0,False
P_100000,2,periodic,100000.0,100000.0,100000.0,0.6,45657.69999999993,37113.69999999997,8543.999999999964,1.300315422162606,60,19,1442.699999999997,0,0,0,0,0.0,0.0,0.0,0,0,False
P_100000,3,periodic,100000.0,100000.0,100000.0,0.6,42222.49999999992,35430.199999999946,6792.299999999976,1.0828417254517,71,14,461.0,0,0,0,0,0.0,0.0,0.0,0,0,False
P_100000,4,periodic,100000.0,100000.0,100000.0,0.6,45189.699999999924,38812.79999999994,6376.8999999999905,0.9280179122962948,71,17,518.0999999999999,0,0,0,0,0.0,0.0,0.0,0,0,False
P_100000,5,periodic,100000.0,100000.0,100000.0,0.6,45365.59999999995,36322.59999999998,9042.999999999967,1.4062331428929593,66,18,604.4999999999982,0,0,0,0,0.0,0.0,0.0,0,0,False
P_100000,6,periodic,100000.0,100000.0,100000.0,0.6,38555.499999999935,30224.999999999956,8330.49999999998,1.3023268952640756,57,15,481.2999999999993,0,0,0,0,0.0,0.0,0.0,0,0,True
P_100000,7,periodic,100000.0,100000.0,100000.0,0.6,46379.7999999999,37559.69999999994,8820.099999999966,1.3263957479326582,64,22,1439.0999999999913,0,0,0,0,0.0,0.0,0.0,0,0,False
P_100000,8,periodic,100000.0,100000.0,100000.0,0.6,41587.299999999974,32087.79999999998,9499.499999999995,1.672178101444053,55,15,1633.0,0,0,0,0,0.0,0.0,0.0,0,0,False
P_100000,9,periodic,100000.0,100000.0,100000.0,0.6,49307.09999999989,39296.19999999991,10010.899999999981,1.4389453310112312,84,24,599.2999999999997,0,0,0,0,0.0,0.0,0.0,0,0,False
P_100000,10,periodic,100000.0,100000.0,100000.0,0.6,42169.29999999992,35314.19999999994,6855.099999999982,1.096443226368298,65,17,537.9999999999995,0,0,0,0,0.0,0.0,0.0,0,0,False
P_100000,11,periodic,100000.0,100000.0,100000.0,0.6,46003.399999999965,38830.899999999965,7172.500000000003,1.043313500274324,72,15,923.0,0,0,0,0,0.0,0.0,0.0,0,0,False
P_100000,12,periodic,100000.0,100000.0,100000.0,0.6,46900.99999999998,36540.99999999998,10360.0,1.6014045340007967,60,19,1619.0,0,0,0,0,0.0,0.0,0.0,0,0,False
P_100000,13,periodic,100000.0,100000.0,100000.0,0.6,48724.799999999916,39197.99999999992,9526.799999999996,1.372792399701938,74,16,1633.0,0,0,0,0,0.0,0.0,0.0,0,0,False
P_100000,14,periodic,100000.0,100000.0,100000.0,0.6,55462.2999999999,38305.499999999956,17156.799999999945,2.5298622798407373,82,41,1442.699999999997,0,0,0,0,0.0,0.0,0.0,0,0,False
P_100000,15,periodic,100000.0,100000.0,100000.0,0.6,46212.29999999999,37095.39999999998,9116.900000000005,1.3881898333178022,74,20,676.3000000000002,0,0,0,0,0.0,0.0,0.0,0,0,False
P_100000,16,periodic,100000.0,100000.0,100000.0,0.6,49511.29999999997,38211.59999999996,11299.700000000006,1.670295908071874,82,23,1520.0,0,0,0,0,0.0,0.0,0.0,0,0,False
P_100000,17,periodic,100000.0,100000.0,100000.0,0.6,49894.999999999956,40512.49999999997,9382.499999999989,1.3081310543822107,75,26,647.6999999999989,0,0,0,0,0.0,0.0,0.0,0,0,False
P_100000,18,periodic,100000.0,100000.0,100000.0,0.6,53246.49999999979,39004.799999999836,14241.699999999953,2.0623648799719456,71,24,1433.5999999999913,0,0,0,0,0.0,0.0,0.0,0,0,False
P_100000,19,periodic,100000.0,100000.0,100000.0,0.6,44947.699999999946,37243.29999999997,7704.399999999978,1.1684560830957609,67,18,560.6999999999998,0,0,0,0,0.0,0.0,0.0,0,0,False
P_100000,20,periodic,100000.0,100000.0,100000.0,0.6,43807.799999999974,36181.89999999997,7625.9,1.1904782456190766,63,13,616.0,0,0,0,0,0.0,0.0,0.0,0,0,False
P_100000,21,periodic,100000.0,100000.0,100000.0,0.6,43148.099999999875,36726.69999999989,6421.399999999989,0.9875737617244491,66,18,549.0,0,0,0,0,0.0,0.0,0.0,0,0,False
P_100000,22,periodic,100000.0,100000.0,100000.0,0.6,45285.7999999999,37563.39999999991,7722.399999999996,1.1612056088967146,70,19,535.1999999999989,0,0,0,0,0.0,0.0,0.0,0,0,False
P_100000,23,periodic,100000.0,100000.0,100000.0,0.6,46314.69999999992,34936.099999999926,11378.599999999991,1.8396539415084727,75,23,703.6999999999998,0,0,0,0,0.0,0.0,0.0,0,0,False
P_100000,24,periodic,100000.0,100000.0,100000.0,0.6,41891.19999999985,33067.19999999988,8823.999999999973,1.5072656573600114,61,14,1432.5999999999913,0,0,0,0,0.0,0.0,0.0,0,0,False
P_100000,25,periodic,100000.0,100000.0,100000.0,0.6,43924.19999999992,36899.49999999994,7024.699999999977,1.075298468114087,64,12,611.0,0,0,0,0,0.0,0.0,0.0,0,0,False
P_100000,26,periodic,100000.0,100000.0,100000.0,0.6,47624.39999999997,39507.799999999974,8116.599999999997,1.1604141711006688,81,22,531.2999999999993,0,0,0,0,0.0,0.0,0.0,0,0,False
P_100000,27,periodic,100000.0,100000.0,100000.0,0.6,42100.59999999989,35633.09999999991,6467.4999999999745,1.0251904629604,53,15,562.7000000000003,0,0,0,0,0.0,0.0,0.0,0,0,False
P_100000,28,periodic,100000.0,100000.0,100000.0,0.6,46741.89999999997,37691.099999999984,9050.79999999999,1.3563440997715923,73,22,573.5999999999985,0,0,0,0,0.0,0.0,0.0,0,0,False
P_100000,29,periodic,100000.0,100000.0,100000.0,0.6,44642.399999999885,38233.499999999905,6408.89999999998,0.9468063577522554,69,14,443.0,0,0,0,0,0.0,0.0,0.0,0,0,False
P_100000,30,periodic,100000.0,100000.0,100000.0,0.6,52900.5999999998,41182.599999999846,11717.99999999996,1.6071686735510782,72,17,2283.8999999999796,0,0,0,0,0.0,0.0,0.0,0,0,False
P_100000,31,periodic,100000.0,100000.0,100000.0,0.6,42178.09999999995,36496.79999999995,5681.299999999996,0.879254625604991,61,13,813.1000000000004,0,0,0,0,0.0,0.0,0.0,0,0,False
P_100000,32,periodic,100000.0,100000.0,100000.0,0.6,48289.29999999986,39704.09999999989,8585.199999999972,1.2213405812354026,77,19,1425.7999999999884,0,0,0,0,0.0,0.0,0.0,0,0,False
P_100000,33,periodic,100000.0,100000.0,100000.0,0.6,49269.9999999999,37931.299999999916,11338.699999999986,1.6884463447117526,77,24,785.199999999998,0,0,0,0,0.0,0.0,0.0,0,0,False
P_100000,34,periodic,100000.0,100000.0,100000.0,0.6,46453.69999999991,36718.99999999992,9734.699999999992,1.4974538737767604,66,19,1599.0,0,0,0,0,0.0,0.0,0.0,0,0,False
P_100000,35,periodic,100000.0,100000.0,100000.0,0.6,50719.39999999992,38198.79999999996,12520.59999999996,1.8513867359276075,73,22,1012.5999999999985,0,0,0,0,0.0,0.0,0.0,0,0,False
P_100000,36,periodic,100000.0,100000.0,100000.0,0.6,45714.19999999993,40350.19999999996,5363.999999999972,0.7508700884198372,76,25,605.0,0,0,0,0,0.0,0.0,0.0,0,0,False
P_100000,37,periodic,100000.0,100000.0,100000.0,0.6,58915.999999999876,37201.69999999994,21714.299999999937,3.2968924053955075,82,33,1140.0999999999985,0,0,0,0,0.0,0.0,0.0,0,0,False
P_100000,38,periodic,100000.0,100000.0,100000.0,0.6,39447.799999999894,34687.99999999992,4759.799999999975,0.77505258809456,57,4,381.6999999999971,0,0,0,0,0.0,0.0,0.0,0,0,False
P_100000,39,periodic,100000.0,100000.0,100000.0,0.6,42996.399999999965,37746.49999999999,5249.899999999976,0.7855902221048624,63,8,476.0,0,0,0,0,0.0,0.0,0.0,0,0,False
P_100000,40,periodic,100000.0,100000.0,100000.0,0.6,40803.59999999994,31469.99999999997,9333.599999999971,1.4014180032222248,63,18,783.4999999999982,0,0,0,0,0.0,0.0,0.0,0,0,True
P_100000,41,periodic,100000.0,100000.0,100000.0,0.6,49690.69999999998,36142.89999999999,13547.8,2.1172274073618467,64,23,1633.0,0,0,0,0,0.0,0.0,0.0,0,0,False
P_100000,42,periodic,100000.0,100000.0,100000.0,0.6,49892.19999999994,37601.59999999995,12290.599999999988,1.846241403802785,79,23,1493.0,0,0,0,0,0.0,0.0,0.0,0,0,False
P_100000,43,periodic,100000.0,100000.0,100000.0,0.6,50544.79999999989,38654.29999999991,11890.499999999982,1.737496870328148,81,17,1427.0999999999913,0,0,0,0,0.0,0.0,0.0,0,0,False
P_100000,44,periodic,100000.0,100000.0,100000.0,0.6,44717.59999999994,36437.79999999995,8279.799999999987,1.2834809450082596,65,16,685.4999999999991,0,0,0,0,0.0,0.0,0.0,0,0,False
P_100000,45,periodic,100000.0,100000.0,100000.0,0.6,45724.79999999993,36565.19999999993,9159.599999999995,1.4149147757496698,70,19,1441.3999999999942,0,0,0,0,0.0,0.0,0.0,0,0,False
P_100000,46,periodic,100000.0,100000.0,100000.0,0.6,53037.19999999997,36835.69999999996,16201.500000000004,2.484322796384197,75,25,1510.0,0,0,0,0,0.0,0.0,0.0,0,0,False
P_100000,47,periodic,100000.0,100000.0,100000.0,0.6,48953.99999999993,38773.79999999994,10180.19999999999,1.4829949463439096,68,17,1633.0,0,0,0,0,0.0,0.0,0.0,0,0,False
P_100000,48,periodic,100000.0,100000.0,100000.0,0.6,46541.499999999956,38784.09999999996,7757.399999999997,1.1297547984076748,74,21,604.8999999999996,0,0,0,0,0.0,0.0,0.0,0,0,False
P_100000,49,periodic,100000.0,100000.0,100000.0,0.6,47201.499999999935,36053.69999999995,11147.79999999998,1.74646969674387,68,19,1493.0,0,0,0,0,0.0,0.0,0.0,0,0,False
P_450,0,periodic,450.0,450.0,450.0,0.6,42088.9,38960.700000000004,3128.199999999998,0.45351273530438657,58,18,1574.0,102,0,83,6.609035491943359,0.06479446560728784,0.9368111682586333,10200.0,17,0,False
P_450,1,periodic,450.0,450.0,450.0,0.6,39580.799999999974,37721.59999999998,1859.199999999997,0.278392628748923,54,8,414.0,90,0,92,5.727841138839722,0.06364267932044135,0.8253851797505503,9000.0,14,0,False
