seed,label,RESCHEDULING_HORIZON,CONFLICT_WINDOW,SWITCH_PENALTY,RETRACK_CONFLICT_WINDOW,min_objective_improvement,TED_combined,TED_passenger,TED_freight,delay_ratio,n_platform_switches,n_rescheduled,n_evaluated,n_skipped_no_improvement,total_steps,total_solve_time_s,mean_solve_time_s,trigger_rate_pct,trigger_rate_mc_pct,deadlock,retrack_conflict_window
0,RCW300,3600,1200,0.0,300,-10000.0,39187.7,36008.3,3179.399999999995,0.4987286050929703,300,94,0,0,10875,4.3896942138671875,0.0466988746156083,0.864367816091954,9400.0,False,300
1,RCW300,3600,1200,0.0,300,-10000.0,40151.899999999965,36489.39999999999,3662.499999999977,0.5669341757356325,317,94,0,0,10890,4.491652250289917,0.0477835345775523,0.8631772268135905,9400.0,False,300
2,RCW300,3600,1200,0.0,300,-10000.0,44792.2,40749.0,4043.199999999996,0.5604411245580349,294,92,0,0,10909,4.447325706481934,0.0483404968095862,0.8433403611696764,9200.0,False,300
3,RCW300,3600,1200,0.0,300,-10000.0,37211.500000000015,36287.000000000015,924.5000000000036,0.1439055611899886,290,93,0,0,10889,4.5645880699157715,0.0490815921496319,0.8540729176232895,9300.0,False,300
4,RCW300,3600,1200,0.0,300,-10000.0,40497.69999999999,39326.1,1171.599999999988,0.168275236832758,314,94,0,0,10891,4.733403921127319,0.0503553608630565,0.8630979708015792,9400.0,False,300
5,RCW300,3600,1200,0.0,300,-10000.0,41208.20000000004,37746.80000000002,3461.400000000021,0.5179566054766099,298,94,0,0,10876,4.254473924636841,0.0452603609003919,0.8642883413019492,9400.0,False,300
6,RCW300,3600,1200,0.0,300,-10000.0,39575.2,36561.7,3013.499999999999,0.4655502258458355,328,94,0,0,10872,4.197736740112305,0.0446567738309819,0.8646063281824872,9400.0,False,300
7,RCW300,3600,1200,0.0,300,-10000.0,40953.4,38034.100000000006,2919.2999999999947,0.4335381399068976,355,94,0,0,10886,4.449204444885254,0.0473319621796303,0.8634943964725336,9400.0,False,300
8,RCW300,3600,1200,0.0,300,-10000.0,38123.30000000001,36272.3,1851.0000000000052,0.2882392046023806,279,93,0,0,10862,4.241774320602417,0.0456104765656173,0.856195912354999,9300.0,False,300
9,RCW300,3600,1200,0.0,300,-10000.0,37168.7,35691.4,1477.3000000000022,0.2337904898689853,319,94,0,0,10866,4.243015766143799,0.0451384655972744,0.8650837474691699,9400.0,False,300
10,RCW300,3600,1200,0.0,300,-10000.0,34661.89999999998,32314.4,2347.4999999999773,0.4103280733823115,304,94,0,0,10865,4.224436283111572,0.0449408115224635,0.8651633686148182,9400.0,False,300
11,RCW300,3600,1200,0.0,300,-10000.0,39025.34453045202,37196.344530452014,1829.0000000000043,0.2777379147130308,291,94,0,0,10883,4.227123498916626,0.0449693989246449,0.8637324267205734,9400.0,False,300
12,RCW300,3600,1200,0.0,300,-10000.0,42398.09999999999,38855.1,3542.9999999999955,0.5150446116496898,324,94,0,0,10897,4.266648530960083,0.045389877988937,0.8626227402037258,9400.0,False,300
13,RCW300,3600,1200,0.0,300,-10000.0,50409.8,46352.2,4057.6000000000017,0.4944479797798519,341,94,0,0,10937,4.90006422996521,0.0521283428719703,0.8594678613879492,9400.0,False,300
14,RCW300,3600,1200,0.0,300,-10000.0,12073.8,10967.0,1106.8000000000015,0.2228254520537312,127,36,0,0,2417,128.70632362365723,3.575175656212701,1.4894497310715764,3600.0,True,300
15,RCW300,3600,1200,0.0,300,-10000.0,40113.5,38340.3,1773.1999999999994,0.2612305366117933,314,94,0,0,10884,4.352736949920654,0.0463057122331984,0.8636530687247336,9400.0,False,300
16,RCW300,3600,1200,0.0,300,-10000.0,39073.09999999722,37110.29999999721,1962.8000000000084,0.298746833504054,317,94,0,0,10885,4.29965877532959,0.0457410508013786,0.8635737253100597,9400.0,False,300
17,RCW300,3600,1200,0.0,300,-10000.0,41320.00000000003,40340.20000000002,979.8000000000128,0.137189576280113,297,93,0,0,10900,4.366533517837524,0.0469519733100809,0.8532110091743119,9300.0,False,300
18,RCW300,3600,1200,0.0,300,-10000.0,39733.6,36920.7,2812.9000000000005,0.4303344289693412,308,94,0,0,10877,4.297181129455566,0.0457146928665485,0.8642088811253102,9400.0,False,300
19,RCW300,3600,1200,0.0,300,-10000.0,50074.09999999998,47349.79999999999,2724.2999999999884,0.3249814021517374,359,94,0,0,10927,4.942800521850586,0.0525829842750062,0.8602544156676124,9400.0,False,300
20,RCW300,3600,1200,0.0,300,-10000.0,41867.399999999994,41051.399999999994,816.0000000000036,0.1122752194822823,331,94,0,0,10902,4.473387718200684,0.0475892310446881,0.8622271142909558,9400.0,False,300
21,RCW300,3600,1200,0.0,300,-10000.0,45262.09999999996,40199.29999999997,5062.799999999993,0.7113674796644396,333,94,0,0,10885,4.455272436141968,0.047396515278106,0.8635737253100597,9400.0,False,300
22,RCW300,3600,1200,0.0,300,-10000.0,35923.100000000006,34860.4,1062.7000000000016,0.1721868738368838,316,94,0,0,10853,4.249032497406006,0.0452024733766596,0.866119966829448,9400.0,False,300
23,RCW300,3600,1200,0.0,300,-10000.0,40954.00000000001,36621.9,4332.100000000006,0.6681582379894054,325,94,0,0,10856,4.396692514419556,0.0467733246214846,0.8658806190125277,9400.0,False,300
24,RCW300,3600,1200,0.0,300,-10000.0,37043.39999999999,34474.29999999998,2569.100000000005,0.4209274798844431,324,94,0,0,10857,4.187756299972534,0.044550598935878,0.8658008658008658,9400.0,False,300
0,RCW600,3600,1200,0.0,600,-10000.0,36447.499999999985,35136.5,1310.9999999999818,0.210749192747966,212,94,0,0,10886,4.300576448440552,0.0457508132812824,0.8634943964725336,9400.0,False,600
1,RCW600,3600,1200,0.0,600,-10000.0,40019.39999999999,36516.3,3503.0999999999913,0.5418605022781775,190,94,0,0,10902,4.40880274772644,0.0469021568907068,0.8622271142909558,9400.0,False,600
2,RCW600,3600,1200,0.0,600,-10000.0,41875.3,38095.4,3779.900000000001,0.5604404835125605,198,93,0,0,10887,4.325665473937988,0.0465125319778278,0.8542298153761366,9300.0,False,600
3,RCW600,3600,1200,0.0,600,-10000.0,37680.999999999985,36235.09999999999,1445.899999999991,0.2253878600680445,197,93,0,0,10880,4.336744785308838,0.0466316643581595,0.854779411764706,9300.0,False,600
4,RCW600,3600,1200,0.0,600,-10000.0,43365.40000000001,42212.7,1152.700000000008,0.1542392442334887,190,94,0,0,10911,4.825164079666138,0.0513315327624057,0.8615159013839244,9400.0,False,600
5,RCW600,3600,1200,0.0,600,-10000.0,42245.20000000003,39530.50000000002,2714.7000000000144,0.3878923924508997,177,94,0,0,10887,4.342320442199707,0.0461948983212734,0.8634150822081382,9400.0,False,600
6,RCW600,3600,1200,0.0,600,-10000.0,37488.49999999999,34461.899999999994,3026.5999999999976,0.4960638008612725,186,94,0,0,10866,4.31120753288269,0.0458639099242839,0.8650837474691699,9400.0,False,600
7,RCW600,3600,1200,0.0,600,-10000.0,38780.49999999997,36106.99999999997,2673.499999999999,0.4182255000932822,224,94,0,0,10875,4.237592458724976,0.0450807708374997,0.864367816091954,9400.0,False,600
8,RCW600,3600,1200,0.0,600,-10000.0,38906.70000000001,35749.00000000001,3157.700000000006,0.498917452236427,186,93,0,0,10866,4.2581260204315186,0.0457863012949625,0.8558807288790724,9300.0,False,600
9,RCW600,3600,1200,0.0,600,-10000.0,36545.80000000001,35063.600000000006,1482.2000000000037,0.2387657517535801,184,94,0,0,10863,4.2888805866241455,0.0456263892194058,0.8653226548835496,9400.0,False,600
10,RCW600,3600,1200,0.0,600,-10000.0,36713.19999999998,34157.8,2555.3999999999796,0.42256227866542,226,94,0,0,10869,4.33896279335022,0.0461591786526619,0.8648449719385408,9400.0,False,600
11,RCW600,3600,1200,0.0,600,-10000.0,38488.0,36172.99999999999,2315.0000000000045,0.3614832628185137,178,94,0,0,10871,4.272966384887695,0.0454570892009329,0.8646858614662865,9400.0,False,600
12,RCW600,3600,1200,0.0,600,-10000.0,46863.49999999996,41582.599999999984,5280.899999999982,0.7173284070688253,216,94,0,0,10908,4.323778390884399,0.045997642456217,0.8617528419508618,9400.0,False,600
13,RCW600,3600,1200,0.0,600,-10000.0,41538.39999999998,37694.199999999975,3844.200000000004,0.5760407013968579,198,94,0,0,10878,4.400656938552856,0.0468154993463069,0.8641294355580069,9400.0,False,600
14,RCW600,3600,1200,0.0,600,-10000.0,11349.4,10967.0,382.4000000000019,0.0769863144789909,66,36,0,0,2415,126.37208795547484,3.510335776540968,1.4906832298136643,3600.0,True,600
15,RCW600,3600,1200,0.0,600,-10000.0,38351.7,36940.5,1411.1999999999994,0.2157781796714674,179,95,0,0,10874,4.241751432418823,0.0446500150780928,0.8736435534302004,9500.0,False,600
16,RCW600,3600,1200,0.0,600,-10000.0,39035.5,36421.3,2614.199999999999,0.4054199295225835,218,94,0,0,10885,4.314145088195801,0.0458951605127212,0.8635737253100597,9400.0,False,600
17,RCW600,3600,1200,0.0,600,-10000.0,41955.50000000005,41350.10000000003,605.4000000000133,0.082696585689325,172,93,0,0,10912,4.460037708282471,0.0479573947127147,0.8522727272727272,9300.0,False,600
18,RCW600,3600,1200,0.0,600,-10000.0,42877.8,37025.09999999999,5852.7000000000035,0.8928566753987895,191,94,0,0,10874,4.255513429641724,0.0452714194642736,0.8644473054993563,9400.0,False,600
19,RCW600,3600,1200,0.0,600,-10000.0,41089.79999999998,38142.79999999998,2947.0,0.4364045719688202,187,94,0,0,10882,4.388751268386841,0.046688843280711,0.863811799301599,9400.0,False,600
20,RCW600,3600,1200,0.0,600,-10000.0,42432.09999999999,41225.19999999999,1206.8999999999978,0.1653599158862927,186,94,0,0,10905,4.5841593742370605,0.0487676529174155,0.8619899128839983,9400.0,False,600
21,RCW600,3600,1200,0.0,600,-10000.0,40451.39999999998,39297.999999999985,1153.3999999999946,0.165779652684838,205,94,0,0,10877,4.377350330352783,0.0465675567058806,0.8642088811253102,9400.0,False,600
22,RCW600,3600,1200,0.0,600,-10000.0,38433.09999999999,37456.8,976.2999999999948,0.1472225527617331,206,94,0,0,10870,4.362249135971069,0.0464069057018198,0.8647654093836247,9400.0,False,600
23,RCW600,3600,1200,0.0,600,-10000.0,40045.50000000002,36241.8,3803.700000000019,0.5928136892989662,175,94,0,0,10857,4.373422622680664,0.0465257725817091,0.8658008658008658,9400.0,False,600
24,RCW600,3600,1200,0.0,600,-10000.0,36777.99999999999,34330.29999999999,2447.7000000000035,0.4027191818792832,225,94,0,0,10868,4.236739635467529,0.0450716982496545,0.8649245491350755,9400.0,False,600
0,RCW900,3600,1200,0.0,900,-10000.0,37175.3,35665.40000000001,1509.8999999999887,0.239123804971936,147,94,0,0,10872,4.251117706298828,0.0452246564499875,0.8646063281824872,9400.0,False,900
1,RCW900,3600,1200,0.0,900,-10000.0,42204.1,38291.7,3912.4000000000015,0.5771122982006806,143,94,0,0,10902,4.46803879737854,0.0475323276316866,0.8622271142909558,9400.0,False,900
2,RCW900,3600,1200,0.0,900,-10000.0,41733.40000000001,37851.2,3882.200000000003,0.5793219440659949,165,93,0,0,10876,4.300081729888916,0.0462374379557948,0.8550937844795881,9300.0,False,900
3,RCW900,3600,1200,0.0,900,-10000.0,37256.79999999999,35810.899999999994,1445.899999999991,0.2280577044517618,145,93,0,0,10879,4.299574851989746,0.0462319876558037,0.8548579832705213,9300.0,False,900
4,RCW900,3600,1200,0.0,900,-10000.0,47381.7,43731.50000000001,3650.199999999986,0.4714590898279982,145,94,0,0,10936,4.434061288833618,0.0471708647748257,0.8595464520848574,9400.0,False,900
5,RCW900,3600,1200,0.0,900,-10000.0,42532.10000000004,38855.80000000002,3676.300000000024,0.5344127560064467,139,94,0,0,10875,4.376389265060425,0.0465573326070258,0.864367816091954,9400.0,False,900
6,RCW900,3600,1200,0.0,900,-10000.0,37643.599999999984,34695.19999999999,2948.3999999999933,0.4799972330466452,151,94,0,0,10874,4.294757604598999,0.0456889106872233,0.8644473054993563,9400.0,False,900
7,RCW900,3600,1200,0.0,900,-10000.0,40217.3,37211.59999999999,3005.7000000000035,0.4562354359783124,163,94,0,0,10876,4.288739919662476,0.0456248927623667,0.8642883413019492,9400.0,False,900
8,RCW900,3600,1200,0.0,900,-10000.0,39254.30000000002,36066.70000000001,3187.6000000000076,0.4992052423505824,131,93,0,0,10871,4.294541597366333,0.0461778666383476,0.8554870757060068,9300.0,False,900
9,RCW900,3600,1200,0.0,900,-10000.0,36493.29999999998,35300.7,1192.5999999999833,0.1908240962877246,135,94,0,0,10862,4.2717039585113525,0.0454436591330994,0.8654023200147302,9400.0,False,900
10,RCW900,3600,1200,0.0,900,-10000.0,38085.99999999999,33873.200000000004,4212.799999999988,0.7024838463497914,188,94,0,0,10866,4.295457363128662,0.0456963549269006,0.8650837474691699,9400.0,False,900
11,RCW900,3600,1200,0.0,900,-10000.0,39317.79999999999,37287.79999999998,2030.0000000000043,0.3075041661388947,163,94,0,0,10873,4.2919533252716064,0.0456590779284213,0.864526809528189,9400.0,False,900
12,RCW900,3600,1200,0.0,900,-10000.0,45008.299999999974,39680.599999999984,5327.6999999999925,0.7583736908444693,168,94,0,0,10867,4.371917963027954,0.0465097655641271,0.8650041409772706,9400.0,False,900
13,RCW900,3600,1200,0.0,900,-10000.0,41037.2,37083.19999999999,3954.000000000007,0.6022560733049591,145,94,0,0,10893,4.354088306427002,0.0463200883662447,0.862939502432755,9400.0,False,900
14,RCW900,3600,1200,0.0,900,-10000.0,11717.8,11160.0,557.8000000000015,0.1092745449434257,59,36,0,0,2413,130.33371925354004,3.620381090376112,1.491918773311231,3600.0,True,900
15,RCW900,3600,1200,0.0,900,-10000.0,38806.5,37216.19999999999,1590.3000000000106,0.2413619237421791,135,94,0,0,10882,4.325068712234497,0.0460113692790903,0.863811799301599,9400.0,False,900
16,RCW900,3600,1200,0.0,900,-10000.0,38832.6,36817.899999999994,2014.7000000000023,0.3090815626620226,136,94,0,0,10884,4.250848054885864,0.0452217878179347,0.8636530687247336,9400.0,False,900
17,RCW900,3600,1200,0.0,900,-10000.0,39781.40000000005,39248.700000000026,532.7000000000235,0.0766618237821138,138,93,0,0,10897,4.34057092666626,0.046672805663078,0.853445902541984,9300.0,False,900
18,RCW900,3600,1200,0.0,900,-10000.0,39490.9,36831.3,2659.5999999999976,0.4078692862851985,143,94,0,0,10868,4.2593536376953125,0.0453122727414394,0.8649245491350755,9400.0,False,900
19,RCW900,3600,1200,0.0,900,-10000.0,42004.299999999974,39436.39999999998,2567.8999999999924,0.3677922477153635,176,94,0,0,10881,4.352813959121704,0.0463065314800181,0.8638911864718317,9400.0,False,900
20,RCW900,3600,1200,0.0,900,-10000.0,40949.2,39599.09999999999,1350.1000000000022,0.192576082800861,151,94,0,0,10898,4.513043165206909,0.0480110975022011,0.8625435859790788,9400.0,False,900
21,RCW900,3600,1200,0.0,900,-10000.0,41153.999999999985,39973.49999999999,1180.499999999995,0.1668074879827659,175,94,0,0,10890,4.467047929763794,0.0475217864868488,0.8631772268135905,9400.0,False,900
22,RCW900,3600,1200,0.0,900,-10000.0,42431.99999999996,37910.39999999999,4521.599999999976,0.6736828630979014,175,94,0,0,10887,4.451162338256836,0.0473527908325195,0.8634150822081382,9400.0,False,900
23,RCW900,3600,1200,0.0,900,-10000.0,40328.50000000002,36322.8,4005.700000000019,0.6229035811612075,143,94,0,0,10844,4.319631814956665,0.0459535299463475,0.866838804869052,9400.0,False,900
24,RCW900,3600,1200,0.0,900,-10000.0,37435.9,34988.2,2447.7000000000035,0.3951466588641414,168,94,0,0,10871,4.355386972427368,0.0463339039619932,0.8646858614662865,9400.0,False,900
0,RCW1200,3600,1200,0.0,1200,-10000.0,37570.899999999994,34481.99999999999,3088.9000000000033,0.505979740345497,136,94,0,0,10873,4.470601797103882,0.0475595935862115,0.864526809528189,9400.0,False,1200
1,RCW1200,3600,1200,0.0,1200,-10000.0,40690.5,36853.4,3837.099999999996,0.588094724228703,112,94,0,0,10902,4.349285840988159,0.0462689983083846,0.8622271142909558,9400.0,False,1200
2,RCW1200,3600,1200,0.0,1200,-10000.0,40654.4,36939.20000000001,3715.199999999989,0.5680890772933894,139,94,0,0,10859,4.2773027420043945,0.0455032206596212,0.8656414034441476,9400.0,False,1200
3,RCW1200,3600,1200,0.0,1200,-10000.0,37015.29999999998,35569.39999999999,1445.899999999991,0.2296061122299392,121,93,0,0,10880,4.255803823471069,0.0457613314351727,0.854779411764706,9300.0,False,1200
4,RCW1200,3600,1200,0.0,1200,-10000.0,42574.89999999998,38512.39999999998,4062.499999999997,0.5958192315053998,122,94,0,0,10873,4.334601879119873,0.0461127859480837,0.864526809528189,9400.0,False,1200
5,RCW1200,3600,1200,0.0,1200,-10000.0,42393.7,39892.70000000002,2500.9999999999773,0.3541130951910333,106,94,0,0,10886,4.508077621459961,0.0479582725687229,0.8634943964725336,9400.0,False,1200
6,RCW1200,3600,1200,0.0,1200,-10000.0,40863.5,36275.2,4588.300000000001,0.7144366362730427,109,94,0,0,10880,4.308530569076538,0.0458354315859206,0.8639705882352942,9400.0,False,1200
7,RCW1200,3600,1200,0.0,1200,-10000.0,39789.6,36956.80000000001,2832.799999999987,0.4329555196729823,126,94,0,0,10878,4.409364700317383,0.0469081351097593,0.8641294355580069,9400.0,False,1200
8,RCW1200,3600,1200,0.0,1200,-10000.0,39311.30000000001,35925.700000000004,3385.6000000000076,0.5322946898921769,130,93,0,0,10870,4.304025411605835,0.0462798431355466,0.8555657773689054,9300.0,False,1200
9,RCW1200,3600,1200,0.0,1200,-10000.0,36006.09999999998,34813.49999999999,1192.5999999999833,0.1934945976653908,120,94,0,0,10856,4.31601357460022,0.0459150380276619,0.8658806190125277,9400.0,False,1200
10,RCW1200,3600,1200,0.0,1200,-10000.0,34979.29999999999,33762.399999999994,1216.8999999999942,0.2035838424069109,144,94,0,0,10848,4.3011744022369385,0.0457571744918823,0.866519174041298,9400.0,False,1200
11,RCW1200,3600,1200,0.0,1200,-10000.0,38314.59999999999,36267.69999999999,2046.8999999999987,0.3187853376147642,128,94,0,0,10875,4.3871684074401855,0.04667200433447,0.864367816091954,9400.0,False,1200
12,RCW1200,3600,1200,0.0,1200,-10000.0,42900.29999999998,39221.99999999999,3678.299999999991,0.5297111791375203,124,94,0,0,10901,4.303083419799805,0.0457774831893596,0.8623062104394094,9400.0,False,1200
13,RCW1200,3600,1200,0.0,1200,-10000.0,41068.600000000035,36978.900000000016,4089.70000000002,0.6246822846613566,120,94,0,0,10890,4.3888914585113525,0.0466903346650143,0.8631772268135905,9400.0,False,1200
14,RCW1200,3600,1200,0.0,1200,-10000.0,40799.19999999998,37115.7,3683.499999999984,0.5605634083879114,115,94,0,0,10883,4.384409666061401,0.0466426560219298,0.8637324267205734,9400.0,False,1200
15,RCW1200,3600,1200,0.0,1200,-10000.0,38580.89999999998,36734.89999999998,1845.9999999999995,0.283840629560912,112,93,0,0,10866,4.284311056137085,0.0460678608186783,0.8558807288790724,9300.0,False,1200
16,RCW1200,3600,1200,0.0,1200,-10000.0,38799.3,37515.0,1284.2999999999938,0.1933674002926292,103,94,0,0,10874,4.261489629745483,0.0453349960611221,0.8644473054993563,9400.0,False,1200
17,RCW1200,3600,1200,0.0,1200,-10000.0,42387.200000000026,41228.300000000025,1158.9000000000042,0.1587713955044167,119,93,0,0,10905,4.391931056976318,0.0472250651287776,0.8528198074277854,9300.0,False,1200
18,RCW1200,3600,1200,0.0,1200,-10000.0,41417.0,38201.6,3215.4000000000005,0.4754175189026086,121,95,0,0,10884,4.268914222717285,0.0449359391864977,0.8728408673281882,9500.0,False,1200
19,RCW1200,3600,1200,0.0,1200,-10000.0,42675.399999999994,40064.5,2610.899999999998,0.3680884902764619,142,94,0,0,10881,4.364967346191406,0.0464358228318234,0.8638911864718317,9400.0,False,1200
20,RCW1200,3600,1200,0.0,1200,-10000.0,39370.19999999998,38008.99999999999,1361.1999999999937,0.2022819927842413,113,94,0,0,10883,4.498202323913574,0.0478532162118465,0.8637324267205734,9400.0,False,1200
21,RCW1200,3600,1200,0.0,1200,-10000.0,41321.49999999994,40307.69999999996,1013.799999999978,0.1420646402820995,137,94,0,0,10890,4.432520389556885,0.0471544722293285,0.8631772268135905,9400.0,False,1200
22,RCW1200,3600,1200,0.0,1200,-10000.0,38894.40000000001,37687.100000000006,1207.300000000002,0.1809440085614164,139,94,0,0,10875,4.392829418182373,0.0467322278530039,0.864367816091954,9400.0,False,1200
23,RCW1200,3600,1200,0.0,1200,-10000.0,41477.60000000002,37461.9,4015.700000000019,0.6054707773574171,103,94,0,0,10867,4.276359796524048,0.0454931893247239,0.8650041409772706,9400.0,False,1200
24,RCW1200,3600,1200,0.0,1200,-10000.0,36736.20000000001,34314.90000000001,2421.300000000004,0.3985543844264114,134,94,0,0,10866,4.339026212692261,0.0461598533265134,0.8650837474691699,9400.0,False,1200
0,RCW1500,3600,1200,0.0,1500,-10000.0,40040.89999999996,36901.3,3139.599999999963,0.4805674823153826,120,94,0,0,10877,4.84769868850708,0.0515712626436923,0.8642088811253102,9400.0,False,1500
1,RCW1500,3600,1200,0.0,1500,-10000.0,38925.39999999998,37758.599999999984,1166.799999999993,0.1745429307044399,128,94,0,0,10907,4.948116302490234,0.0526395351328748,0.861831851104795,9400.0,False,1500
2,RCW1500,3600,1200,0.0,1500,-10000.0,50135.29999999999,46362.3,3772.999999999988,0.4596672462157982,125,93,0,0,10924,6.533930778503418,0.0702573201989614,0.8513365067740755,9300.0,False,1500
3,RCW1500,3600,1200,0.0,1500,-10000.0,37392.59999999998,36129.39999999999,1263.1999999999866,0.1974845362003722,118,93,0,0,10872,4.7944419384002686,0.0515531391225835,0.8554083885209713,9300.0,False,1500
4,RCW1500,3600,1200,0.0,1500,-10000.0,39717.19999999998,38718.1,999.0999999999868,0.1457527133787055,106,94,0,0,10900,5.111548662185669,0.0543781772572943,0.8623853211009175,9400.0,False,1500
5,RCW1500,3600,1200,0.0,1500,-10000.0,42404.60000000006,38761.30000000003,3643.3000000000266,0.5309068467889284,113,94,0,0,10899,4.897791862487793,0.0521041687498701,0.8624644462794752,9400.0,False,1500
6,RCW1500,3600,1200,0.0,1500,-10000.0,31000.5,29576.699999999997,1423.8000000000047,0.2520231048327199,102,74,0,0,8321,72.49899339675903,0.9797161269832302,0.8893161879581781,7400.0,True,1500
7,RCW1500,3600,1200,0.0,1500,-10000.0,37393.9,34723.4,2670.499999999999,0.434402249691075,127,94,0,0,10883,4.816737413406372,0.0512418873766635,0.8637324267205734,9400.0,False,1500
8,RCW1500,3600,1200,0.0,1500,-10000.0,37632.99999999999,36332.399999999994,1300.6,0.2021954551267231,116,93,0,0,10879,4.828315019607544,0.0519173658022316,0.8548579832705213,9300.0,False,1500
9,RCW1500,3600,1200,0.0,1500,-10000.0,36929.60000000002,35398.70000000002,1530.9000000000008,0.2442762456943769,110,94,0,0,10867,4.723180532455444,0.0502466014091004,0.8650041409772706,9400.0,False,1500
10,RCW1500,3600,1200,0.0,1500,-10000.0,34141.39999999997,33002.29999999998,1139.0999999999913,0.1949572412418927,125,94,0,0,10858,4.764930009841919,0.0506907447855523,0.8657211272794254,9400.0,False,1500
11,RCW1500,3600,1200,0.0,1500,-10000.0,48161.899999999994,46085.19999999999,2076.7000000000044,0.2545270904353652,124,94,0,0,10927,5.596206426620483,0.0595341109214945,0.8602544156676124,9400.0,False,1500
12,RCW1500,3600,1200,0.0,1500,-10000.0,50511.89999999999,45073.3,5438.599999999994,0.6815370801500055,122,94,0,0,10917,5.284343719482422,0.0562164225476853,0.8610424109187507,9400.0,False,1500
13,RCW1500,3600,1200,0.0,1500,-10000.0,43493.600000000006,37970.399999999994,5523.200000000012,0.8216130413210262,125,94,0,0,10898,5.069937705993652,0.0539355075105707,0.8625435859790788,9400.0,False,1500
14,RCW1500,3600,1200,0.0,1500,-10000.0,38733.99999999996,35899.59999999999,2834.3999999999737,0.4459572784122321,121,94,0,0,10865,4.784342288970947,0.0508972583933079,0.8651633686148182,9400.0,False,1500
15,RCW1500,3600,1200,0.0,1500,-10000.0,38948.900000000016,36936.4,2012.5000000000168,0.3077535355992405,103,94,0,0,10882,4.7892961502075195,0.0509499590447608,0.863811799301599,9400.0,False,1500
16,RCW1500,3600,1200,0.0,1500,-10000.0,39471.20000000002,37921.0,1550.200000000018,0.2309030543834505,100,94,0,0,10877,4.710007429122925,0.050106462011946,0.8642088811253102,9400.0,False,1500
17,RCW1500,3600,1200,0.0,1500,-10000.0,40435.400000000016,39280.400000000016,1154.9999999999973,0.1660840050978639,117,93,0,0,10901,4.81783127784729,0.0518046373962074,0.8531327401155857,9300.0,False,1500
18,RCW1500,3600,1200,0.0,1500,-10000.0,45808.29999999999,39761.3,6046.999999999995,0.8590157368492076,126,94,0,0,10881,4.7397308349609375,0.0504226684570312,0.8638911864718317,9400.0,False,1500
19,RCW1500,3600,1200,0.0,1500,-10000.0,42178.39999999998,39399.599999999984,2778.7999999999993,0.3983705306764424,150,94,0,0,10879,4.877486705780029,0.0518881564444684,0.8640500045960107,9400.0,False,1500
20,RCW1500,3600,1200,0.0,1500,-10000.0,39318.20000000002,38138.500000000015,1179.7000000000044,0.1747148010425282,112,94,0,0,10891,5.052204608917236,0.0537468575416727,0.8630979708015792,9400.0,False,1500
21,RCW1500,3600,1200,0.0,1500,-10000.0,40965.09999999999,39952.9,1012.1999999999912,0.1431000387571738,132,94,0,0,10895,5.222350835800171,0.0555569237851082,0.8627810922441488,9400.0,False,1500
22,RCW1500,3600,1200,0.0,1500,-10000.0,37317.59999999998,36164.69999999999,1152.899999999987,0.1800646656929144,133,94,0,0,10878,4.758237838745117,0.0506195514760118,0.8641294355580069,9400.0,False,1500
23,RCW1500,3600,1200,0.0,1500,-10000.0,42174.00000000003,38163.40000000001,4010.600000000019,0.5935865022738862,113,94,0,0,10887,4.907248735427856,0.0522047737811474,0.8634150822081382,9400.0,False,1500
24,RCW1500,3600,1200,0.0,1500,-10000.0,37149.8,34961.899999999994,2187.900000000006,0.3534713093804572,125,94,0,0,10864,4.800401210784912,0.0510680979870735,0.8652430044182622,9400.0,False,1500
