seed,label,RESCHEDULING_HORIZON,CONFLICT_WINDOW,trigger_strategy,event_driven_freq,controller_freq,threshold_confidence,mc_delay_per_train,TED_combined,TED_passenger,TED_freight,delay_ratio,n_platform_switches,n_rescheduled,n_evaluated,n_skipped_no_improvement,total_steps,total_solve_time_s,mean_solve_time_s,trigger_rate_pct,trigger_rate_mc_pct,deadlock
0,MC20,3600,1200,event_driven,900,900,0.6,20,41870.99999999999,38506.90000000001,3364.099999999986,0.4934601274114431,131,84,94,0,10877,4.1816325187683105,0.0497813395091465,0.7722717661119793,89.36170212765957,False
1,MC20,3600,1200,event_driven,900,900,0.6,20,40920.8,39647.3,1273.500000000001,0.1814291471090296,126,86,95,0,10892,4.415405988693237,0.0513419301010841,0.7895703268453911,90.52631578947368,False
2,MC20,3600,1200,event_driven,900,900,0.6,20,42002.50000000001,37808.2,4194.300000000001,0.6266069614179285,164,83,94,0,10878,4.184434652328491,0.0504148753292589,0.7630079058650487,88.29787234042553,False
3,MC20,3600,1200,event_driven,900,900,0.6,20,37155.099999999984,35771.899999999994,1383.1999999999923,0.2184060673321785,104,80,94,0,10877,4.165361642837524,0.052067020535469,0.735496920106647,85.1063829787234,False
4,MC20,3600,1200,event_driven,900,900,0.6,20,47308.09999999999,43731.50000000001,3576.5999999999863,0.4619529287926191,171,90,95,0,10937,4.328411340713501,0.0480934593412611,0.8228947609033557,94.73684210526316,False
5,MC20,3600,1200,event_driven,900,900,0.6,20,41136.000000000015,38137.1,2998.9000000000133,0.4441565236539179,132,83,94,0,10893,4.306649446487427,0.0518873427287641,0.7619572202331772,88.29787234042553,False
6,MC20,3600,1200,event_driven,900,900,0.6,20,40801.8,37777.2,3024.6000000000085,0.4522305622334224,131,85,95,0,10874,4.235628128051758,0.04983091915355,0.7816810741217582,89.47368421052632,False
7,MC20,3600,1200,event_driven,900,900,0.6,20,36330.8,35190.0,1140.7999999999977,0.1831099619334909,146,85,95,0,10859,4.141246557235718,0.0487205477321849,0.7827608435399208,89.47368421052632,False
8,MC20,3600,1200,event_driven,900,900,0.6,20,39179.90000000002,36066.70000000001,3113.200000000009,0.4875535702364895,130,81,94,0,10870,4.180861234664917,0.0516155707983323,0.7451701931922723,86.17021276595744,False
9,MC20,3600,1200,event_driven,900,900,0.6,20,36592.599999999984,35300.7,1291.8999999999842,0.2067127704126378,120,85,95,0,10862,4.144303560256958,0.0487565124736112,0.7825446510771498,89.47368421052632,False
10,MC20,3600,1200,event_driven,900,900,0.6,20,38062.49999999999,33879.200000000004,4183.299999999988,0.6974411866439992,185,86,95,0,10870,4.184073209762573,0.0486520140670066,0.7911683532658694,90.52631578947368,False
11,MC20,3600,1200,event_driven,900,900,0.6,20,40698.79999999998,38742.099999999984,1956.6999999999944,0.2852744087266731,137,84,95,0,10911,4.217803001403809,0.0502119404929024,0.769865273577124,88.42105263157895,False
12,MC20,3600,1200,event_driven,900,900,0.6,20,44978.299999999974,39650.599999999984,5327.6999999999925,0.7589474831887297,160,86,95,0,10867,4.25044322013855,0.049423758373704,0.7913867672770775,90.52631578947368,False
13,MC20,3600,1200,event_driven,900,900,0.6,20,40524.899999999994,37082.19999999999,3442.7000000000075,0.524391223276404,113,85,95,0,10892,4.214158773422241,0.0495783385108499,0.7803892765332354,89.47368421052632,False
14,MC20,3600,1200,event_driven,900,900,0.6,20,11734.2,11160.0,574.2000000000016,0.1124873497786214,56,31,39,0,2412,130.36625742912292,4.205363142874933,1.285240464344942,79.48717948717949,True
15,MC20,3600,1200,event_driven,900,900,0.6,20,39037.3,37216.19999999999,1821.1000000000115,0.2763907434615371,135,88,94,0,10883,4.304012775421143,0.0489092360843311,0.8086005696958559,93.61702127659576,False
16,MC20,3600,1200,event_driven,900,900,0.6,20,38892.399999999994,36817.899999999994,2074.500000000002,0.3182556716843032,132,86,95,0,10885,4.183901309967041,0.0486500152321748,0.7900780891134589,90.52631578947368,False
17,MC20,3600,1200,event_driven,900,900,0.6,20,39839.20000000005,39236.700000000026,602.5000000000218,0.0867333865521817,128,84,94,0,10899,4.271536350250244,0.0508516232172648,0.7707129094412332,89.36170212765957,False
18,MC20,3600,1200,event_driven,900,900,0.6,20,37415.2,36411.3,1003.9000000000024,0.1557313312015839,140,82,95,0,10878,4.261185169219971,0.0519656727953654,0.7538150395293253,86.31578947368422,False
19,MC20,3600,1200,event_driven,900,900,0.6,20,41779.99999999997,39480.39999999998,2299.5999999999926,0.3289974126541123,145,82,94,0,10881,4.224990129470825,0.0515242698715954,0.7536072052201084,87.2340425531915,False
20,MC20,3600,1200,event_driven,900,900,0.6,20,12842.500000000004,12545.0,297.50000000000364,0.0577900142013032,70,29,40,0,2664,122.51830172538756,4.224769025013365,1.0885885885885884,72.5,True
21,MC20,3600,1200,event_driven,900,900,0.6,20,42436.59999999999,40889.99999999999,1546.599999999997,0.2136400259070835,179,86,95,0,10905,4.498724937438965,0.0523107550864995,0.7886290692342961,90.52631578947368,False
22,MC20,3600,1200,event_driven,900,900,0.6,20,37687.399999999994,36297.99999999999,1389.3999999999985,0.216205294512639,156,84,94,0,10885,4.438982009887695,0.0528450239272344,0.7717041800643086,89.36170212765957,False
23,MC20,3600,1200,event_driven,900,900,0.6,20,40404.90000000002,36260.8,4144.10000000002,0.6455272378418067,138,82,94,0,10847,4.221973896026611,0.0514874865369099,0.7559693924587443,87.2340425531915,False
24,MC20,3600,1200,event_driven,900,900,0.6,20,37997.4,35700.0,2297.4000000000033,0.3634880413703948,158,83,95,0,10874,4.303461074829102,0.0518489286123988,0.7632885782600698,87.36842105263159,False
0,MC60,3600,1200,event_driven,900,900,0.6,60,41485.299999999974,37752.399999999994,3732.8999999999833,0.5585004362141686,102,70,94,0,10872,3.92638897895813,0.0560912711279732,0.6438557763061075,74.46808510638297,False
1,MC60,3600,1200,event_driven,900,900,0.6,60,40383.3,39025.7,1357.6,0.1964910865865878,118,74,95,0,10904,4.340536594390869,0.0586558999242009,0.6786500366837858,77.89473684210526,False
2,MC60,3600,1200,event_driven,900,900,0.6,60,41687.100000000006,37808.2,3878.9000000000024,0.5794878150451812,142,74,94,0,10876,4.157105922698975,0.0561771070634996,0.680397204854726,78.72340425531915,False
3,MC60,3600,1200,event_driven,900,900,0.6,60,37137.099999999984,35753.899999999994,1383.1999999999923,0.2185160220283649,107,74,94,0,10881,4.146482229232788,0.0560335436382809,0.680084551052293,78.72340425531915,False
4,MC60,3600,1200,event_driven,900,900,0.6,60,41017.699999999975,40106.8,910.8999999999828,0.1282845681152178,150,73,95,0,10891,4.015731573104858,0.0550100215493816,0.6702782113671839,76.84210526315789,False
5,MC60,3600,1200,event_driven,900,900,0.6,60,40480.19999999996,38494.299999999974,1985.8999999999896,0.2913953894073015,130,62,95,0,10892,3.518471956253052,0.0567495476815008,0.569225119353654,65.26315789473685,False
6,MC60,3600,1200,event_driven,900,900,0.6,60,48176.799999999974,45067.8,3108.999999999979,0.3896512648659388,114,72,95,0,10908,4.571814060211182,0.063497417502933,0.6600660066006601,75.78947368421053,False
7,MC60,3600,1200,event_driven,900,900,0.6,60,39730.39999999999,37274.7,2455.6999999999825,0.3721198867558167,114,77,95,0,10874,4.152729272842407,0.0539315489979533,0.7081110906750047,81.05263157894737,False
8,MC60,3600,1200,event_driven,900,900,0.6,60,37737.50000000001,35713.100000000006,2024.3999999999985,0.3201772760394104,116,73,94,0,10862,4.007068872451782,0.0548913544171477,0.6720677591603756,77.6595744680851,False
9,MC60,3600,1200,event_driven,900,900,0.6,60,38826.599999999984,36487.899999999994,2338.699999999987,0.3620323449691522,101,70,95,0,10881,3.870936632156372,0.055299094745091,0.6433232239683853,73.68421052631578,False
10,MC60,3600,1200,event_driven,900,900,0.6,60,34986.79999999997,32271.19999999999,2715.599999999977,0.4753050316152982,142,70,95,0,10862,3.913827896118164,0.0559118270874023,0.644448536181182,73.68421052631578,False
11,MC60,3600,1200,event_driven,900,900,0.6,60,40364.89999999998,38027.79999999999,2337.099999999994,0.3471345341398295,118,73,95,0,10908,4.05426025390625,0.0555378116973458,0.6692335900256693,76.84210526315789,False
12,MC60,3600,1200,event_driven,900,900,0.6,60,45976.99999999998,40271.89999999999,5705.099999999991,0.8001711115942121,144,70,95,0,10876,3.997458934783935,0.057106556211199,0.6436189775652814,73.68421052631578,False
13,MC60,3600,1200,event_driven,900,900,0.6,60,41068.59999999999,37263.29999999999,3805.300000000004,0.5768053963946446,118,72,95,0,10885,3.836037397384643,0.0532782971858978,0.6614607257694074,75.78947368421053,False
14,MC60,3600,1200,event_driven,900,900,0.6,60,40797.19999999995,36713.49999999998,4083.6999999999744,0.6282749840351232,129,69,95,0,10880,3.8869996070861816,0.0563333276389301,0.6341911764705882,72.63157894736842,False
15,MC60,3600,1200,event_driven,900,900,0.6,60,40524.5,38571.29999999999,1953.2000000000105,0.2860251129612043,111,76,94,0,10877,4.059278964996338,0.0534115653288991,0.6987220741013147,80.85106382978722,False
16,MC60,3600,1200,event_driven,900,900,0.6,60,38659.600000000006,36495.90000000001,2163.699999999999,0.3348688061272212,124,63,95,0,10889,3.4810473918914795,0.0552547205062139,0.5785655248415833,66.3157894736842,False
17,MC60,3600,1200,event_driven,900,900,0.6,60,38775.80000000004,38143.700000000026,632.1000000000158,0.0936019074427274,118,74,94,0,10890,4.065084457397461,0.0549335737486143,0.6795224977043159,78.72340425531915,False
18,MC60,3600,1200,event_driven,900,900,0.6,60,41517.39999999999,38698.6,2818.799999999987,0.4114250548178372,132,73,95,0,10891,3.895457983016968,0.0533624381235201,0.6702782113671839,76.84210526315789,False
19,MC60,3600,1200,event_driven,900,900,0.6,60,42196.29999999998,40112.09999999999,2084.199999999992,0.2934848712855837,123,75,95,0,10884,4.055234670639038,0.0540697956085205,0.6890848952590959,78.94736842105263,False
20,MC60,3600,1200,event_driven,900,900,0.6,60,38408.799999999974,36996.09999999999,1412.6999999999862,0.2156829064043588,131,73,95,0,10878,4.036048412322998,0.0552883344153835,0.6710792425078139,76.84210526315789,False
21,MC60,3600,1200,event_driven,900,900,0.6,60,31893.999999999993,30769.499999999993,1124.4999999999984,0.1817742019593927,117,55,75,0,7993,133.76770091056824,2.432140016555786,0.6881020893281621,73.33333333333333,True
22,MC60,3600,1200,event_driven,900,900,0.6,60,39203.9,37176.999999999985,2026.9000000000176,0.3079496451043403,109,72,94,0,10883,4.088880300521851,0.0567900041739145,0.6615822842966094,76.59574468085107,False
23,MC60,3600,1200,event_driven,900,900,0.6,60,41029.200000000026,36284.8,4744.400000000021,0.7385472583682334,135,73,94,0,10845,4.1646809577941895,0.0570504240793724,0.6731212540341172,77.6595744680851,False
24,MC60,3600,1200,event_driven,900,900,0.6,60,39244.19999999999,36356.1,2888.0999999999904,0.4487006140813878,136,65,95,0,10886,3.750229835510254,0.0576958436232346,0.5970971890501562,68.42105263157895,False
0,MC120,3600,1200,event_driven,900,900,0.6,120,41564.79999999996,37589.199999999975,3975.5999999999863,0.5973946456212622,97,55,94,0,10915,3.308579683303833,0.0601559942418878,0.5038937242327073,58.51063829787234,False
1,MC120,3600,1200,event_driven,900,900,0.6,120,38757.59999999999,37408.19999999999,1349.400000000004,0.2037490634215423,102,50,95,0,10887,3.118558168411255,0.0623711633682251,0.4592633416000735,52.63157894736842,False
2,MC120,3600,1200,event_driven,900,900,0.6,120,44557.199999999975,39828.39999999999,4728.799999999987,0.6706251136054979,99,56,95,0,10888,3.263153076171875,0.0582705906459263,0.5143277002204262,58.94736842105262,False
3,MC120,3600,1200,event_driven,900,900,0.6,120,38340.1,37385.9,954.199999999998,0.1441628299133398,105,54,94,0,10884,3.233833074569702,0.0598857976772167,0.4961411245865491,57.446808510638306,False
4,MC120,3600,1200,event_driven,900,900,0.6,120,41356.49999999998,39630.199999999975,1726.300000000003,0.2460434075666908,77,44,95,0,10889,2.989048957824707,0.0679329308596524,0.4040775094131693,46.31578947368421,False
5,MC120,3600,1200,event_driven,900,900,0.6,120,39576.49999999998,38020.69999999999,1555.7999999999893,0.2311295029945644,89,41,95,0,10909,2.4512791633605957,0.0597872966673316,0.3758364653038775,43.15789473684211,False
6,MC120,3600,1200,event_driven,900,900,0.6,120,42380.49999999992,37854.099999999955,4526.399999999962,0.6754010503776002,94,48,95,0,10892,2.913731098175049,0.0607027312119801,0.4406904149834741,50.526315789473685,False
7,MC120,3600,1200,event_driven,900,900,0.6,120,38491.20000000001,35751.799999999996,2739.4000000000124,0.4327920413935683,111,57,94,0,10883,3.1610066890716553,0.0554562577030115,0.5237526417348158,60.63829787234043,False
8,MC120,3600,1200,event_driven,900,900,0.6,120,37480.39999999998,35396.49999999999,2083.8999999999896,0.3325357026824669,90,56,94,0,10875,3.33660626411438,0.0595822547163282,0.5149425287356322,59.57446808510638,False
9,MC120,3600,1200,event_driven,900,900,0.6,120,40387.79999999998,37589.39999999999,2798.3999999999915,0.4205001211178473,73,52,95,0,10878,3.1129775047302246,0.0598649520140427,0.4780290494576208,54.736842105263165,False
10,MC120,3600,1200,event_driven,900,900,0.6,120,36387.799999999974,33560.59999999999,2827.199999999983,0.475826408950367,111,44,95,0,10863,2.492736577987671,0.0566531040451743,0.4050446469667679,46.31578947368421,False
11,MC120,3600,1200,event_driven,900,900,0.6,120,39728.299999999974,37363.69999999998,2364.599999999994,0.3574617157212021,78,47,95,0,10898,2.7442212104797363,0.058387685329356,0.4312717929895394,49.473684210526315,False
12,MC120,3600,1200,event_driven,900,900,0.6,120,46468.49999999996,38898.99999999998,7569.499999999984,1.0991335973212095,104,48,95,0,10901,2.94982385635376,0.0614546636740366,0.4403265755435281,50.526315789473685,False
13,MC120,3600,1200,event_driven,900,900,0.6,120,40457.89999999998,36757.5,3700.399999999981,0.5686230140667982,101,50,95,0,10867,2.7817983627319336,0.0556359672546386,0.4601085856262078,52.63157894736842,False
14,MC120,3600,1200,event_driven,900,900,0.6,120,38838.29999999993,34954.999999999956,3883.2999999999743,0.6274994694905975,104,43,95,0,10878,2.599863767623902,0.0604619480842767,0.3952932524361096,45.26315789473684,False
15,MC120,3600,1200,event_driven,900,900,0.6,120,42787.599999999955,40045.199999999975,2742.39999999998,0.3868138893160593,98,48,94,0,10898,3.064070701599121,0.063834806283315,0.4404477885850614,51.06382978723404,False
16,MC120,3600,1200,event_driven,900,900,0.6,120,38843.60000000002,36790.000000000015,2053.6000000000076,0.3152882561852401,89,37,95,0,10902,2.2347214221954346,0.0603978762755522,0.3393872683911209,38.94736842105263,False
17,MC120,3600,1200,event_driven,900,900,0.6,120,39645.100000000035,38275.00000000002,1370.1000000000104,0.2021895909446544,109,55,94,0,10898,3.3009955883026123,0.060018101605502,0.5046797577537163,58.51063829787234,False
18,MC120,3600,1200,event_driven,900,900,0.6,120,41379.90000000001,39178.80000000001,2201.0999999999976,0.317329443811112,88,56,94,0,10892,3.2679800987243652,0.0583567874772208,0.5141388174807198,59.57446808510638,False
19,MC120,3600,1200,event_driven,900,900,0.6,120,40061.29999999997,38954.69999999998,1106.5999999999854,0.1604547316258591,87,48,95,0,10895,2.844435930252075,0.0592590818802515,0.4405690683799908,50.526315789473685,False
20,MC120,3600,1200,event_driven,900,900,0.6,120,40149.09999999999,38668.89999999999,1480.2000000000044,0.2162122560996081,98,48,95,0,10859,2.7367677688598633,0.0570159951845804,0.4420296528225435,50.526315789473685,False
21,MC120,3600,1200,event_driven,900,900,0.6,120,31440.99999999998,30773.999999999985,666.9999999999966,0.1078040583448122,94,43,75,0,7990,133.08844804763794,3.0950801871543705,0.5381727158948686,57.333333333333336,True
22,MC120,3600,1200,event_driven,900,900,0.6,120,37267.79999999999,35286.69999999999,1981.1000000000015,0.3171152148132147,96,53,94,0,10856,3.193730592727661,0.0602590677873143,0.4882092851879145,56.38297872340425,False
23,MC120,3600,1200,event_driven,900,900,0.6,120,43082.8,38433.000000000015,4649.799999999991,0.6833633984988273,101,53,94,0,10878,3.227318048477173,0.0608927933674938,0.4872219157933444,56.38297872340425,False
24,MC120,3600,1200,event_driven,900,900,0.6,120,40873.69999999996,36059.29999999998,4814.399999999977,0.7541306729699151,100,43,95,0,10885,2.8187992572784424,0.0655534710994986,0.3950390445567294,45.26315789473684,False
0,MC180,3600,1200,event_driven,900,900,0.6,180,42476.69999999995,37907.89999999999,4568.799999999963,0.6807601848424422,60,21,95,0,10910,1.1901757717132568,0.0566750367482503,0.1924839596700275,22.105263157894736,False
1,MC180,3600,1200,event_driven,900,900,0.6,180,40336.099999999955,37719.59999999996,2616.4999999999945,0.3918098836655763,71,38,95,0,10893,2.195366144180298,0.0577727932679025,0.3488478839621775,40.0,False
2,MC180,3600,1200,event_driven,900,900,0.6,180,42004.20000000002,38208.1,3796.100000000023,0.5611822543467961,47,25,95,0,10903,1.5718088150024414,0.0628723526000976,0.2292946895349903,26.31578947368421,False
3,MC180,3600,1200,event_driven,900,900,0.6,180,38557.19999999995,36192.09999999997,2365.0999999999804,0.369111394020142,78,34,94,0,10897,1.9631471633911133,0.0577396224526798,0.31201248049922,36.17021276595745,False
4,MC180,3600,1200,event_driven,900,900,0.6,180,40419.69999999999,36661.79999999999,3757.9000000000046,0.5789661353054322,34,25,95,0,10891,1.6137120723724363,0.0645484828948974,0.2295473326599944,26.31578947368421,False
5,MC180,3600,1200,event_driven,900,900,0.6,180,42102.29999999996,37522.19999999999,4580.099999999971,0.6894589172440643,60,28,94,0,10895,1.6323027610778809,0.0582965271813528,0.2569986232216613,29.78723404255319,False
6,MC180,3600,1200,event_driven,900,900,0.6,180,39455.29999999999,34617.100000000006,4838.199999999986,0.7894322443259216,58,27,95,0,10872,1.6307580471038818,0.0603984461890326,0.2483443708609271,28.421052631578945,False
7,MC180,3600,1200,event_driven,900,900,0.6,180,33866.59999999996,31725.79999999998,2140.79999999998,0.3486373866064813,43,16,79,0,8429,130.3201289176941,8.14500805735588,0.1898208565666152,20.253164556962027,True
8,MC180,3600,1200,event_driven,900,900,0.6,180,38585.3,34600.0,3985.2999999999984,0.6505888966524802,64,31,94,0,10879,1.8320064544677737,0.0590969824021862,0.2849526610901737,32.97872340425532,False
9,MC180,3600,1200,event_driven,900,900,0.6,180,40567.7,37511.2,3056.4999999999964,0.460240856415865,70,31,95,0,10887,1.8320133686065672,0.0590972054389215,0.2847432717920455,32.631578947368425,False
10,MC180,3600,1200,event_driven,900,900,0.6,180,40413.29999999998,34939.999999999985,5473.299999999994,0.8848060411254451,73,34,94,0,10873,2.176212787628174,0.0640062584596521,0.3127011864250897,36.17021276595745,False
11,MC180,3600,1200,event_driven,900,900,0.6,180,44530.90000000001,39188.49999999999,5342.400000000012,0.7700155363474978,57,33,95,0,10907,1.8952908515930176,0.0574330561088793,0.3025579902814706,34.73684210526316,False
12,MC180,3600,1200,event_driven,900,900,0.6,180,48760.299999999974,40203.69999999998,8556.599999999995,1.202145218332783,58,32,94,0,10899,1.894120693206787,0.0591912716627121,0.2936049178823745,34.04255319148936,False
13,MC180,3600,1200,event_driven,900,900,0.6,180,41663.09999999996,36470.999999999985,5192.099999999978,0.8041130375752372,46,30,95,0,10903,1.8217928409576416,0.0607264280319213,0.2751536274419884,31.57894736842105,False
14,MC180,3600,1200,event_driven,900,900,0.6,180,40654.399999999936,36710.99999999997,3943.399999999965,0.6067312219800526,65,20,95,0,10873,0.9796910285949708,0.0489845514297485,0.1839418743676998,21.052631578947366,False
15,MC180,3600,1200,event_driven,900,900,0.6,180,43206.89999999997,39564.099999999984,3642.799999999987,0.5200627686366004,73,31,94,0,10899,2.0270469188690186,0.0653886102860973,0.2844297641985503,32.97872340425532,False
16,MC180,3600,1200,event_driven,900,900,0.6,180,41311.599999999926,37820.69999999994,3490.899999999984,0.5213502333174879,42,22,95,0,10906,1.430924415588379,0.0650420188903808,0.2017238217494956,23.157894736842103,False
17,MC180,3600,1200,event_driven,900,900,0.6,180,41196.800000000025,38045.400000000016,3151.4000000000115,0.4678677418193906,73,34,94,0,10888,1.9910695552825928,0.0585608692730174,0.3122703894195444,36.17021276595745,False
18,MC180,3600,1200,event_driven,900,900,0.6,180,42977.89999999995,38710.79999999996,4267.099999999989,0.6226190447803013,72,37,94,0,10909,2.3542802333831787,0.0636291954968426,0.339169493079109,39.361702127659576,False
19,MC180,3600,1200,event_driven,900,900,0.6,180,44141.499999999985,39311.6,4829.8999999999905,0.693967521707933,66,34,94,0,10909,2.031217098236084,0.0597416793598848,0.3116692639105325,36.17021276595745,False
20,MC180,3600,1200,event_driven,900,900,0.6,180,43198.8,39686.69999999999,3512.1000000000095,0.4998545060228208,80,37,94,0,10902,2.3837645053863525,0.0644260677131446,0.3393872683911209,39.361702127659576,False
21,MC180,3600,1200,event_driven,900,900,0.6,180,38661.599999999926,37032.29999999995,1629.299999999976,0.2485089864971718,48,26,95,0,10880,1.5695922374725342,0.060368932210482,0.2389705882352941,27.368421052631582,False
22,MC180,3600,1200,event_driven,900,900,0.6,180,41196.79999999997,37611.199999999975,3585.599999999989,0.538476030286979,69,32,94,0,10890,1.9239318370819092,0.0601228699088096,0.2938475665748393,34.04255319148936,False
23,MC180,3600,1200,event_driven,900,900,0.6,180,44267.59999999992,38753.19999999992,5514.399999999999,0.8037341517518654,64,28,94,0,10903,1.7311124801635742,0.0618254457201276,0.2568100522791892,29.78723404255319,False
24,MC180,3600,1200,event_driven,900,900,0.6,180,39214.49999999998,34734.99999999999,4479.499999999987,0.7284235269552654,74,30,95,0,10887,1.9264326095581057,0.0642144203186035,0.2755580049600441,31.57894736842105,False
0,MC240,3600,1200,event_driven,900,900,0.6,240,40847.2,35757.09999999999,5090.100000000002,0.8040549911842612,25,7,95,0,10889,0.3990228176116943,0.0570032596588134,0.0642850583157314,7.368421052631578,False
1,MC240,3600,1200,event_driven,900,900,0.6,240,41457.59999999997,37643.49999999998,3814.099999999993,0.5723000789506288,43,21,94,0,10907,1.2216217517852783,0.0581724643707275,0.1925369029063904,22.340425531914892,False
2,MC240,3600,1200,event_driven,900,900,0.6,240,45163.89999999997,38268.59999999997,6895.300000000006,1.0177293948793311,29,13,95,0,10900,0.7812304496765137,0.0600946499751164,0.1192660550458715,13.684210526315791,False
3,MC240,3600,1200,event_driven,900,900,0.6,240,40210.399999999936,36789.699999999946,3420.699999999992,0.5251827680985838,32,14,94,0,10907,0.877661943435669,0.0626901388168335,0.1283579352709269,14.893617021276595,False
4,MC240,3600,1200,event_driven,900,900,0.6,240,41382.599999999984,37914.499999999985,3468.1000000000017,0.5166637658850406,31,17,95,0,10908,1.094255447387695,0.0643679674933938,0.1558489182251558,17.894736842105264,False
5,MC240,3600,1200,event_driven,900,900,0.6,240,42082.39999999994,37538.29999999996,4544.099999999981,0.6837463264259342,38,15,94,0,10902,0.9182426929473876,0.0612161795298258,0.1375894331315355,15.95744680851064,False
6,MC240,3600,1200,event_driven,900,900,0.6,240,43694.89999999997,36363.39999999997,7331.5,1.1388068802667008,25,14,95,0,10902,0.7060763835906982,0.0504340273993355,0.1284168042560998,14.736842105263156,False
7,MC240,3600,1200,event_driven,900,900,0.6,240,43284.899999999914,38712.599999999926,4572.299999999987,0.6671202203354519,25,8,95,0,10916,0.4380989074707031,0.0547623634338378,0.0732869182850861,8.421052631578947,False
8,MC240,3600,1200,event_driven,900,900,0.6,240,39459.29999999997,32462.699999999975,6996.59999999999,1.217374313992894,22,11,95,0,10885,0.7132580280303955,0.0648416389118541,0.1010564997703261,11.578947368421051,False
9,MC240,3600,1200,event_driven,900,900,0.6,240,42796.09999999999,35966.099999999984,6830.000000000007,1.072627884542439,34,17,95,0,10888,1.017451286315918,0.0598500756656422,0.1561351947097722,17.894736842105264,False
10,MC240,3600,1200,event_driven,900,900,0.6,240,41668.99999999995,35585.29999999996,6083.699999999995,0.9656480884825176,33,17,95,0,10893,1.0908422470092771,0.0641671910005457,0.156063527035711,17.894736842105264,False
11,MC240,3600,1200,event_driven,900,900,0.6,240,47330.899999999994,42267.29999999999,5063.600000000004,0.676669515360419,34,18,95,0,10919,1.7397758960723877,0.0966542164484659,0.1648502610129132,18.947368421052634,False
12,MC240,3600,1200,event_driven,900,900,0.6,240,46871.79999999997,37639.89999999998,9231.899999999989,1.385365465434753,53,24,95,0,10893,1.368016481399536,0.0570006867249806,0.2203249793445332,25.26315789473684,False
13,MC240,3600,1200,event_driven,900,900,0.6,240,38876.99999999995,35030.29999999995,3846.700000000003,0.6202491638871016,18,13,95,0,10904,0.799400806427002,0.061492369725154,0.1192223037417461,13.684210526315791,False
14,MC240,3600,1200,event_driven,900,900,0.6,240,42520.59999999997,36369.29999999999,6151.299999999984,0.9553306083566474,30,12,94,0,10891,0.7200970649719238,0.0600080887476603,0.1101827196767973,12.76595744680851,False
15,MC240,3600,1200,event_driven,900,900,0.6,240,41402.59999999997,38043.399999999965,3359.200000000007,0.4987446668053568,25,12,94,0,10896,0.634401798248291,0.0528668165206909,0.1101321585903083,12.76595744680851,False
16,MC240,3600,1200,event_driven,900,900,0.6,240,45203.79999999995,37588.59999999995,7615.200000000005,1.144318422940135,22,11,95,0,10896,0.6646602153778076,0.060423655943437,0.1009544787077826,11.578947368421051,False
17,MC240,3600,1200,event_driven,900,900,0.6,240,39507.19999999998,36789.29999999997,2717.900000000015,0.417285866951941,43,13,94,0,10909,0.8643162250518799,0.0664858634655292,0.1191676597304977,13.829787234042554,False
18,MC240,3600,1200,event_driven,900,900,0.6,240,42881.49999999991,38294.49999999994,4586.9999999999745,0.676572066771701,48,18,94,0,10898,1.1440188884735107,0.063556604915195,0.165167920719398,19.148936170212767,False
19,MC240,3600,1200,event_driven,900,900,0.6,240,42338.79999999994,38685.29999999996,3653.499999999975,0.5334391292623458,38,16,94,0,10920,0.9192700386047364,0.057454377412796,0.1465201465201465,17.02127659574468,False
20,MC240,3600,1200,event_driven,900,900,0.6,240,13719.800000000005,11718.9,2000.9000000000003,0.4168095981704768,18,6,40,0,2638,120.3194661140442,20.0532443523407,0.2274450341167551,15.0,True
21,MC240,3600,1200,event_driven,900,900,0.6,240,41937.2999999999,37602.399999999914,4334.899999999985,0.6511562974820632,33,14,95,0,10914,0.8029508590698242,0.0573536327907017,0.1282756093091442,14.736842105263156,False
22,MC240,3600,1200,event_driven,900,900,0.6,240,40966.299999999974,36809.99999999996,4156.30000000001,0.6377681052986698,33,15,94,0,10878,0.774200439453125,0.0516133626302083,0.1378929950358521,15.95744680851064,False
23,MC240,3600,1200,event_driven,900,900,0.6,240,41849.29999999995,35579.69999999996,6269.5999999999885,0.9953120879182642,53,15,94,0,10887,0.7727594375610352,0.0515172958374023,0.137779002480022,15.95744680851064,False
24,MC240,3600,1200,event_driven,900,900,0.6,240,43248.39999999994,36334.99999999997,6913.399999999974,1.074702471053094,26,17,95,0,10891,1.0467429161071775,0.0615731127121869,0.1560921862087962,17.894736842105264,False
