seed,label,RESCHEDULING_HORIZON,CONFLICT_WINDOW,SWITCH_PENALTY,RETRACK_CONFLICT_WINDOW,DISPATCHER_PRIORITY_TTL,min_objective_improvement,TED_combined,TED_passenger,TED_freight,delay_ratio,n_platform_switches,n_rescheduled,n_evaluated,n_skipped_no_improvement,total_steps,total_solve_time_s,mean_solve_time_s,trigger_rate_pct,trigger_rate_mc_pct,deadlock,ttl
0,TTL450,3600,1200,120,900,450.0,60,43872.099999999984,39249.19999999999,4622.899999999993,0.6652814537663138,15,49,0,45,10905,2.800416946411133,0.05715136625328843,0.4493351673544246,4900.0,False,450
1,TTL450,3600,1200,120,900,450.0,60,40668.800000000105,38195.60000000011,2473.199999999997,0.3657359302302684,14,41,0,54,10900,2.791757822036743,0.06809165419601812,0.3761467889908257,4100.0,False,450
2,TTL450,3600,1200,120,900,450.0,60,42152.19999999998,38583.999999999985,3568.2000000000007,0.5223524868248072,13,44,0,50,10884,2.679081678390503,0.060888219963420524,0.40426313855200297,4400.0,False,450
3,TTL450,3600,1200,120,900,450.0,60,40605.89999999998,37802.19999999998,2803.7000000000007,0.4189249175043656,13,44,0,49,10896,2.607100248336792,0.059252278371290726,0.4038179148311307,4400.0,False,450
4,TTL450,3600,1200,120,900,450.0,60,39733.799999999974,37481.29999999999,2252.4999999999836,0.3394469265450238,13,40,0,54,10900,2.224604845046997,0.05561512112617493,0.3669724770642202,4000.0,False,450
5,TTL450,3600,1200,120,900,450.0,60,39037.3,37081.1,1956.2000000000007,0.29797674541762514,16,49,0,45,10882,2.7102904319763184,0.05531204963216976,0.450284874104025,4900.0,False,450
6,TTL450,3600,1200,120,900,450.0,60,38967.09999999998,35236.39999999999,3730.699999999988,0.5980266285575551,17,47,0,47,10875,2.7186830043792725,0.05784431924211218,0.432183908045977,4700.0,False,450
7,TTL450,3600,1200,120,900,450.0,60,40698.499999999985,37002.5,3695.9999999999836,0.5641864115210485,17,44,0,50,10888,2.5869343280792236,0.05879396200180054,0.4041146216017634,4400.0,False,450
8,TTL450,3600,1200,120,900,450.0,60,40934.599999999955,36833.29999999998,4101.2999999999765,0.628930468228057,15,43,0,50,10891,2.72869610786438,0.06345804902010185,0.39482141217519057,4300.0,False,450
9,TTL450,3600,1200,120,900,450.0,60,40190.29999999998,37007.09999999999,3183.1999999999916,0.4858482012109278,15,50,0,44,10887,2.8924968242645264,0.05784993648529053,0.45926334160007354,5000.0,False,450
10,TTL450,3600,1200,120,900,450.0,60,37713.99999999997,34519.899999999994,3194.099999999978,0.5226376669689042,14,45,0,49,10888,2.609267473220825,0.05798372162712945,0.41329904481998525,4500.0,False,450
11,TTL450,3600,1200,120,900,450.0,60,40752.899999999994,37571.600000000006,3181.2999999999847,0.47826286607174057,15,46,0,48,10898,2.6569886207580566,0.05776062219039253,0.42209579739401726,4600.0,False,450
12,TTL450,3600,1200,120,900,450.0,60,46385.39999999996,38881.89999999997,7503.499999999988,1.0900292062220867,18,50,0,44,10900,3.1672139167785645,0.06334427833557128,0.45871559633027525,5000.0,False,450
13,TTL450,3600,1200,120,900,450.0,60,40757.69999999998,37734.19999999999,3023.4999999999905,0.4525812448333649,13,47,0,47,10899,2.7003138065338135,0.05745348524540029,0.4312322231397376,4700.0,False,450
14,TTL450,3600,1200,120,900,450.0,60,42383.299999999974,38502.899999999994,3880.399999999979,0.5692522832374606,16,45,0,49,10891,2.6262712478637695,0.058361583285861544,0.4131851987879901,4500.0,False,450
15,TTL450,3600,1200,120,900,450.0,60,39510.99999999998,37283.09999999999,2227.8999999999837,0.33752457916220885,15,47,0,47,10887,2.6636908054351807,0.056674272456067674,0.4317075411040691,4700.0,False,450
16,TTL450,3600,1200,120,900,450.0,60,39725.09999999999,36527.899999999994,3197.1999999999944,0.49438675341615207,15,43,0,51,10883,2.62856125831604,0.06112933158874512,0.39511164201047505,4300.0,False,450
17,TTL450,3600,1200,120,900,450.0,60,40913.50000000002,38984.400000000016,1929.100000000005,0.2795024462306766,14,45,0,48,10901,2.549131393432617,0.0566473642985026,0.41280616457205754,4500.0,False,450
18,TTL450,3600,1200,120,900,450.0,60,40815.89999999997,37748.399999999994,3067.49999999998,0.4589947833899866,16,43,0,50,10883,2.458045244216919,0.057163842888765554,0.39511164201047505,4300.0,False,450
19,TTL450,3600,1200,120,900,450.0,60,40914.79999999998,38714.200000000004,2200.59999999998,0.32106469040720254,13,45,0,49,10889,2.733823299407959,0.06075162887573242,0.41326108917255944,4500.0,False,450
20,TTL450,3600,1200,120,900,450.0,60,41479.59999999998,39215.89999999998,2263.699999999995,0.3260456505237315,17,41,0,53,10900,2.5528738498687744,0.06226521585045791,0.3761467889908257,4100.0,False,450
21,TTL450,3600,1200,120,900,450.0,60,39566.499999999935,37960.499999999956,1605.9999999999804,0.23896557598695084,13,44,0,51,10888,2.3361566066741943,0.05309446833350442,0.4041146216017634,4400.0,False,450
22,TTL450,3600,1200,120,900,450.0,60,38309.1,36135.1,2173.999999999999,0.33982240213854337,16,45,0,49,10871,2.5846221446990967,0.05743604765997993,0.4139453592125839,4500.0,False,450
23,TTL450,3600,1200,120,900,450.0,60,41569.299999999974,37757.69999999999,3811.5999999999867,0.5701951427882809,18,47,0,47,10898,2.6828556060791016,0.05708203417189578,0.4312717929895394,4700.0,False,450
24,TTL450,3600,1200,120,900,450.0,60,36273.99999999997,32937.99999999998,3335.9999999999945,0.5720718045692234,16,43,0,51,10858,2.380011796951294,0.055349111557006836,0.3960213667342052,4300.0,False,450
0,TTL900,3600,1200,120,900,900.0,60,43872.099999999984,39249.19999999999,4622.899999999993,0.6652814537663138,15,49,0,45,10905,2.7683727741241455,0.05649740355355399,0.4493351673544246,4900.0,False,900
1,TTL900,3600,1200,120,900,900.0,60,40668.800000000105,38195.60000000011,2473.199999999997,0.3657359302302684,14,41,0,54,10900,2.651650905609131,0.06467441233193003,0.3761467889908257,4100.0,False,900
2,TTL900,3600,1200,120,900,900.0,60,42152.19999999998,38583.999999999985,3568.2000000000007,0.5223524868248072,13,44,0,50,10884,2.586423635482788,0.058782355351881546,0.40426313855200297,4400.0,False,900
3,TTL900,3600,1200,120,900,900.0,60,40605.89999999998,37802.19999999998,2803.7000000000007,0.4189249175043656,13,44,0,49,10896,2.5642595291137695,0.05827862566167658,0.4038179148311307,4400.0,False,900
4,TTL900,3600,1200,120,900,900.0,60,39733.799999999974,37481.29999999999,2252.4999999999836,0.3394469265450238,13,40,0,54,10900,2.2269480228424072,0.05567370057106018,0.3669724770642202,4000.0,False,900
5,TTL900,3600,1200,120,900,900.0,60,39037.3,37081.1,1956.2000000000007,0.29797674541762514,16,49,0,45,10882,2.6889584064483643,0.054876702172415595,0.450284874104025,4900.0,False,900
6,TTL900,3600,1200,120,900,900.0,60,38967.09999999998,35236.39999999999,3730.699999999988,0.5980266285575551,17,47,0,47,10875,2.7101407051086426,0.0576625681938009,0.432183908045977,4700.0,False,900
7,TTL900,3600,1200,120,900,900.0,60,40698.499999999985,37002.5,3695.9999999999836,0.5641864115210485,17,44,0,50,10888,2.577833414077759,0.058587123047221794,0.4041146216017634,4400.0,False,900
8,TTL900,3600,1200,120,900,900.0,60,40934.599999999955,36833.29999999998,4101.2999999999765,0.628930468228057,15,43,0,50,10891,2.7302515506744385,0.06349422210870787,0.39482141217519057,4300.0,False,900
9,TTL900,3600,1200,120,900,900.0,60,40190.29999999998,37007.09999999999,3183.1999999999916,0.4858482012109278,15,50,0,44,10887,2.8829495906829834,0.05765899181365967,0.45926334160007354,5000.0,False,900
10,TTL900,3600,1200,120,900,900.0,60,37713.99999999997,34519.899999999994,3194.099999999978,0.5226376669689042,14,45,0,49,10888,2.611111879348755,0.05802470842997233,0.41329904481998525,4500.0,False,900
11,TTL900,3600,1200,120,900,900.0,60,40752.899999999994,37571.600000000006,3181.2999999999847,0.47826286607174057,15,46,0,48,10898,2.648862600326538,0.05758396957231605,0.42209579739401726,4600.0,False,900
12,TTL900,3600,1200,120,900,900.0,60,46385.39999999996,38881.89999999997,7503.499999999988,1.0900292062220867,18,50,0,44,10900,3.1632769107818604,0.06326553821563721,0.45871559633027525,5000.0,False,900
13,TTL900,3600,1200,120,900,900.0,60,40757.69999999998,37734.19999999999,3023.4999999999905,0.4525812448333649,13,47,0,47,10899,2.711794853210449,0.05769776283426488,0.4312322231397376,4700.0,False,900
14,TTL900,3600,1200,120,900,900.0,60,42383.299999999974,38502.899999999994,3880.399999999979,0.5692522832374606,16,45,0,49,10891,2.598261594772339,0.05773914655049642,0.4131851987879901,4500.0,False,900
15,TTL900,3600,1200,120,900,900.0,60,39510.99999999998,37283.09999999999,2227.8999999999837,0.33752457916220885,15,47,0,47,10887,2.659456491470337,0.05658418066958164,0.4317075411040691,4700.0,False,900
16,TTL900,3600,1200,120,900,900.0,60,40922.09999999998,38135.999999999985,2786.0999999999885,0.41265136688358683,15,42,0,52,10891,2.6578519344329834,0.06328218891507104,0.3856395188687908,4200.0,False,900
17,TTL900,3600,1200,120,900,900.0,60,40913.50000000002,38984.400000000016,1929.100000000005,0.2795024462306766,14,45,0,48,10901,2.549229621887207,0.05664954715304905,0.41280616457205754,4500.0,False,900
18,TTL900,3600,1200,120,900,900.0,60,40815.89999999997,37748.399999999994,3067.49999999998,0.4589947833899866,16,43,0,50,10883,2.4580237865448,0.05716334387313488,0.39511164201047505,4300.0,False,900
19,TTL900,3600,1200,120,900,900.0,60,40914.79999999998,38714.200000000004,2200.59999999998,0.32106469040720254,13,45,0,49,10889,2.7348058223724365,0.06077346271938748,0.41326108917255944,4500.0,False,900
20,TTL900,3600,1200,120,900,900.0,60,41479.59999999998,39215.89999999998,2263.699999999995,0.3260456505237315,17,41,0,53,10900,2.552894115447998,0.062265710132878,0.3761467889908257,4100.0,False,900
21,TTL900,3600,1200,120,900,900.0,60,39566.499999999935,37960.499999999956,1605.9999999999804,0.23896557598695084,13,44,0,51,10888,2.335592269897461,0.053081642497669564,0.4041146216017634,4400.0,False,900
22,TTL900,3600,1200,120,900,900.0,60,38309.1,36135.1,2173.999999999999,0.33982240213854337,16,45,0,49,10871,2.5877108573913574,0.05750468571980794,0.4139453592125839,4500.0,False,900
23,TTL900,3600,1200,120,900,900.0,60,41569.299999999974,37757.69999999999,3811.5999999999867,0.5701951427882809,18,47,0,47,10898,2.6807379722595215,0.05703697813318131,0.4312717929895394,4700.0,False,900
24,TTL900,3600,1200,120,900,900.0,60,36273.99999999997,32937.99999999998,3335.9999999999945,0.5720718045692234,16,43,0,51,10858,2.3795008659362793,0.05533722944037859,0.3960213667342052,4300.0,False,900
0,TTL1350,3600,1200,120,900,1350.0,60,43872.099999999984,39249.19999999999,4622.899999999993,0.6652814537663138,15,49,0,45,10905,2.7724814414978027,0.056581253908118426,0.4493351673544246,4900.0,False,1350
1,TTL1350,3600,1200,120,900,1350.0,60,40668.800000000105,38195.60000000011,2473.199999999997,0.3657359302302684,14,41,0,54,10900,2.648174285888672,0.064589616728992,0.3761467889908257,4100.0,False,1350
2,TTL1350,3600,1200,120,900,1350.0,60,42152.19999999998,38583.999999999985,3568.2000000000007,0.5223524868248072,13,44,0,50,10884,2.590630054473877,0.0588779557834972,0.40426313855200297,4400.0,False,1350
3,TTL1350,3600,1200,120,900,1350.0,60,40605.89999999998,37802.19999999998,2803.7000000000007,0.4189249175043656,13,44,0,49,10896,2.5602056980133057,0.05818649313666604,0.4038179148311307,4400.0,False,1350
4,TTL1350,3600,1200,120,900,1350.0,60,39733.799999999974,37481.29999999999,2252.4999999999836,0.3394469265450238,13,40,0,54,10900,2.2264649868011475,0.055661624670028685,0.3669724770642202,4000.0,False,1350
5,TTL1350,3600,1200,120,900,1350.0,60,39037.3,37081.1,1956.2000000000007,0.29797674541762514,16,49,0,45,10882,2.697816848754883,0.05505748670928332,0.450284874104025,4900.0,False,1350
6,TTL1350,3600,1200,120,900,1350.0,60,38967.09999999998,35236.39999999999,3730.699999999988,0.5980266285575551,17,47,0,47,10875,2.6832447052001953,0.0570903128765999,0.432183908045977,4700.0,False,1350
7,TTL1350,3600,1200,120,900,1350.0,60,40698.499999999985,37002.5,3695.9999999999836,0.5641864115210485,17,44,0,50,10888,2.5517430305480957,0.05799415978518399,0.4041146216017634,4400.0,False,1350
8,TTL1350,3600,1200,120,900,1350.0,60,40934.599999999955,36833.29999999998,4101.2999999999765,0.628930468228057,15,43,0,50,10891,2.6974096298217773,0.0627304565074832,0.39482141217519057,4300.0,False,1350
9,TTL1350,3600,1200,120,900,1350.0,60,40190.29999999998,37007.09999999999,3183.1999999999916,0.4858482012109278,15,50,0,44,10887,2.8589670658111572,0.057179341316223146,0.45926334160007354,5000.0,False,1350
10,TTL1350,3600,1200,120,900,1350.0,60,37713.99999999997,34519.899999999994,3194.099999999978,0.5226376669689042,14,45,0,49,10888,2.5824992656707764,0.0573888725704617,0.41329904481998525,4500.0,False,1350
11,TTL1350,3600,1200,120,900,1350.0,60,40752.899999999994,37571.600000000006,3181.2999999999847,0.47826286607174057,15,46,0,48,10898,2.5977885723114014,0.05647366461546525,0.42209579739401726,4600.0,False,1350
12,TTL1350,3600,1200,120,900,1350.0,60,46385.39999999996,38881.89999999997,7503.499999999988,1.0900292062220867,18,50,0,44,10900,3.1143243312835693,0.062286486625671385,0.45871559633027525,5000.0,False,1350
13,TTL1350,3600,1200,120,900,1350.0,60,40757.69999999998,37734.19999999999,3023.4999999999905,0.4525812448333649,13,47,0,47,10899,2.689389705657959,0.05722105756719062,0.4312322231397376,4700.0,False,1350
14,TTL1350,3600,1200,120,900,1350.0,60,42383.299999999974,38502.899999999994,3880.399999999979,0.5692522832374606,16,45,0,49,10891,2.566037893295288,0.05702306429545085,0.4131851987879901,4500.0,False,1350
15,TTL1350,3600,1200,120,900,1350.0,60,39510.99999999998,37283.09999999999,2227.8999999999837,0.33752457916220885,15,47,0,47,10887,2.6531894207000732,0.05645083873829943,0.4317075411040691,4700.0,False,1350
16,TTL1350,3600,1200,120,900,1350.0,60,40922.09999999998,38135.999999999985,2786.0999999999885,0.41265136688358683,15,42,0,52,10891,2.6364800930023193,0.06277333554767427,0.3856395188687908,4200.0,False,1350
17,TTL1350,3600,1200,120,900,1350.0,60,40913.50000000002,38984.400000000016,1929.100000000005,0.2795024462306766,14,45,0,48,10901,2.5402920246124268,0.05645093388027615,0.41280616457205754,4500.0,False,1350
18,TTL1350,3600,1200,120,900,1350.0,60,40815.89999999997,37748.399999999994,3067.49999999998,0.4589947833899866,16,43,0,50,10883,2.433981418609619,0.056604219037433005,0.39511164201047505,4300.0,False,1350
19,TTL1350,3600,1200,120,900,1350.0,60,40914.79999999998,38714.200000000004,2200.59999999998,0.32106469040720254,13,45,0,49,10889,2.7166011333465576,0.060368914074367945,0.41326108917255944,4500.0,False,1350
20,TTL1350,3600,1200,120,900,1350.0,60,41479.59999999998,39215.89999999998,2263.699999999995,0.3260456505237315,17,41,0,53,10900,2.5517356395721436,0.06223745462371082,0.3761467889908257,4100.0,False,1350
21,TTL1350,3600,1200,120,900,1350.0,60,39566.499999999935,37960.499999999956,1605.9999999999804,0.23896557598695084,13,44,0,51,10888,2.312659740447998,0.05256044864654541,0.4041146216017634,4400.0,False,1350
22,TTL1350,3600,1200,120,900,1350.0,60,38309.1,36135.1,2173.999999999999,0.33982240213854337,16,45,0,49,10871,2.5553300380706787,0.0567851119571262,0.4139453592125839,4500.0,False,1350
23,TTL1350,3600,1200,120,900,1350.0,60,41569.299999999974,37757.69999999999,3811.5999999999867,0.5701951427882809,18,47,0,47,10898,2.6526005268096924,0.056438309081057285,0.4312717929895394,4700.0,False,1350
24,TTL1350,3600,1200,120,900,1350.0,60,36273.99999999997,32937.99999999998,3335.9999999999945,0.5720718045692234,16,43,0,51,10858,2.354656457901001,0.0547594525093256,0.3960213667342052,4300.0,False,1350
0,TTL1800,3600,1200,120,900,1800.0,60,43872.099999999984,39249.19999999999,4622.899999999993,0.6652814537663138,15,49,0,45,10905,2.7473065853118896,0.056067481332895706,0.4493351673544246,4900.0,False,1800
1,TTL1800,3600,1200,120,900,1800.0,60,40668.800000000105,38195.60000000011,2473.199999999997,0.3657359302302684,14,41,0,54,10900,2.6308810710906982,0.06416783100221216,0.3761467889908257,4100.0,False,1800
2,TTL1800,3600,1200,120,900,1800.0,60,42152.19999999998,38583.999999999985,3568.2000000000007,0.5223524868248072,13,44,0,50,10884,2.56307053565979,0.05825160308317705,0.40426313855200297,4400.0,False,1800
3,TTL1800,3600,1200,120,900,1800.0,60,40605.89999999998,37802.19999999998,2803.7000000000007,0.4189249175043656,13,44,0,49,10896,2.531888723373413,0.057542925531213936,0.4038179148311307,4400.0,False,1800
4,TTL1800,3600,1200,120,900,1800.0,60,39733.799999999974,37481.29999999999,2252.4999999999836,0.3394469265450238,13,40,0,54,10900,2.204550266265869,0.05511375665664673,0.3669724770642202,4000.0,False,1800
5,TTL1800,3600,1200,120,900,1800.0,60,39037.3,37081.1,1956.2000000000007,0.29797674541762514,16,49,0,45,10882,2.663954257965088,0.05436641342785894,0.450284874104025,4900.0,False,1800
6,TTL1800,3600,1200,120,900,1800.0,60,38967.09999999998,35236.39999999999,3730.699999999988,0.5980266285575551,17,47,0,47,10875,2.678462028503418,0.05698855379794506,0.432183908045977,4700.0,False,1800
7,TTL1800,3600,1200,120,900,1800.0,60,40698.499999999985,37002.5,3695.9999999999836,0.5641864115210485,17,44,0,50,10888,2.550875425338745,0.05797444148497148,0.4041146216017634,4400.0,False,1800
8,TTL1800,3600,1200,120,900,1800.0,60,40934.599999999955,36833.29999999998,4101.2999999999765,0.628930468228057,15,43,0,50,10891,2.7031233310699463,0.06286333328069643,0.39482141217519057,4300.0,False,1800
9,TTL1800,3600,1200,120,900,1800.0,60,40190.29999999998,37007.09999999999,3183.1999999999916,0.4858482012109278,15,50,0,44,10887,2.857243537902832,0.05714487075805664,0.45926334160007354,5000.0,False,1800
10,TTL1800,3600,1200,120,900,1800.0,60,37713.99999999997,34519.899999999994,3194.099999999978,0.5226376669689042,14,45,0,49,10888,2.5931193828582764,0.057624875174628366,0.41329904481998525,4500.0,False,1800
11,TTL1800,3600,1200,120,900,1800.0,60,40752.899999999994,37571.600000000006,3181.2999999999847,0.47826286607174057,15,46,0,48,10898,2.6177072525024414,0.05690667940222699,0.42209579739401726,4600.0,False,1800
12,TTL1800,3600,1200,120,900,1800.0,60,46385.39999999996,38881.89999999997,7503.499999999988,1.0900292062220867,18,50,0,44,10900,3.1439402103424072,0.06287880420684815,0.45871559633027525,5000.0,False,1800
13,TTL1800,3600,1200,120,900,1800.0,60,40757.69999999998,37734.19999999999,3023.4999999999905,0.4525812448333649,13,47,0,47,10899,2.684368133544922,0.057114215607338766,0.4312322231397376,4700.0,False,1800
14,TTL1800,3600,1200,120,900,1800.0,60,42383.299999999974,38502.899999999994,3880.399999999979,0.5692522832374606,16,45,0,49,10891,2.583256483078003,0.05740569962395562,0.4131851987879901,4500.0,False,1800
15,TTL1800,3600,1200,120,900,1800.0,60,39510.99999999998,37283.09999999999,2227.8999999999837,0.33752457916220885,15,47,0,47,10887,2.6326262950897217,0.056013325427440884,0.4317075411040691,4700.0,False,1800
16,TTL1800,3600,1200,120,900,1800.0,60,40922.09999999998,38135.999999999985,2786.0999999999885,0.41265136688358683,15,42,0,52,10891,2.642002820968628,0.06290482907068162,0.3856395188687908,4200.0,False,1800
17,TTL1800,3600,1200,120,900,1800.0,60,40913.50000000002,38984.400000000016,1929.100000000005,0.2795024462306766,14,45,0,48,10901,2.5303544998168945,0.05623009999593099,0.41280616457205754,4500.0,False,1800
18,TTL1800,3600,1200,120,900,1800.0,60,40815.89999999997,37748.399999999994,3067.49999999998,0.4589947833899866,16,43,0,50,10883,2.426978588104248,0.05644136251405228,0.39511164201047505,4300.0,False,1800
19,TTL1800,3600,1200,120,900,1800.0,60,40914.79999999998,38714.200000000004,2200.59999999998,0.32106469040720254,13,45,0,49,10889,2.724614143371582,0.06054698096381293,0.41326108917255944,4500.0,False,1800
20,TTL1800,3600,1200,120,900,1800.0,60,41479.59999999998,39215.89999999998,2263.699999999995,0.3260456505237315,17,41,0,53,10900,2.5211267471313477,0.06149089627149629,0.3761467889908257,4100.0,False,1800
21,TTL1800,3600,1200,120,900,1800.0,60,39566.499999999935,37960.499999999956,1605.9999999999804,0.23896557598695084,13,44,0,51,10888,2.3089375495910645,0.05247585339979692,0.4041146216017634,4400.0,False,1800
22,TTL1800,3600,1200,120,900,1800.0,60,38309.1,36135.1,2173.999999999999,0.33982240213854337,16,45,0,49,10871,2.55737042427063,0.05683045387268067,0.4139453592125839,4500.0,False,1800
23,TTL1800,3600,1200,120,900,1800.0,60,41569.299999999974,37757.69999999999,3811.5999999999867,0.5701951427882809,18,47,0,47,10898,2.652747392654419,0.056441433886264235,0.4312717929895394,4700.0,False,1800
24,TTL1800,3600,1200,120,900,1800.0,60,36273.99999999997,32937.99999999998,3335.9999999999945,0.5720718045692234,16,43,0,51,10858,2.3577616214752197,0.05483166561570278,0.3960213667342052,4300.0,False,1800
0,TTL2700,3600,1200,120,900,2700.0,60,43872.099999999984,39249.19999999999,4622.899999999993,0.6652814537663138,15,49,0,45,10905,2.7598063945770264,0.0563225794811638,0.4493351673544246,4900.0,False,2700
1,TTL2700,3600,1200,120,900,2700.0,60,40668.800000000105,38195.60000000011,2473.199999999997,0.3657359302302684,14,41,0,54,10900,2.6321051120758057,0.0641976856603855,0.3761467889908257,4100.0,False,2700
2,TTL2700,3600,1200,120,900,2700.0,60,42152.19999999998,38583.999999999985,3568.2000000000007,0.5223524868248072,13,44,0,50,10884,2.5738494396209717,0.0584965781732039,0.40426313855200297,4400.0,False,2700
3,TTL2700,3600,1200,120,900,2700.0,60,40605.89999999998,37802.19999999998,2803.7000000000007,0.4189249175043656,13,44,0,49,10896,2.5443074703216553,0.05782516978003762,0.4038179148311307,4400.0,False,2700
4,TTL2700,3600,1200,120,900,2700.0,60,39733.799999999974,37481.29999999999,2252.4999999999836,0.3394469265450238,13,40,0,54,10900,2.207878828048706,0.05519697070121765,0.3669724770642202,4000.0,False,2700
5,TTL2700,3600,1200,120,900,2700.0,60,39037.3,37081.1,1956.2000000000007,0.29797674541762514,16,49,0,45,10882,2.6765670776367188,0.05462381791095344,0.450284874104025,4900.0,False,2700
6,TTL2700,3600,1200,120,900,2700.0,60,38967.09999999998,35236.39999999999,3730.699999999988,0.5980266285575551,17,47,0,47,10875,2.6749978065490723,0.0569148469478526,0.432183908045977,4700.0,False,2700
7,TTL2700,3600,1200,120,900,2700.0,60,40698.499999999985,37002.5,3695.9999999999836,0.5641864115210485,17,44,0,50,10888,2.5504298210144043,0.05796431411396374,0.4041146216017634,4400.0,False,2700
8,TTL2700,3600,1200,120,900,2700.0,60,40934.599999999955,36833.29999999998,4101.2999999999765,0.628930468228057,15,43,0,50,10891,2.7001707553863525,0.06279466872991518,0.39482141217519057,4300.0,False,2700
9,TTL2700,3600,1200,120,900,2700.0,60,40190.29999999998,37007.09999999999,3183.1999999999916,0.4858482012109278,15,50,0,44,10887,2.85408616065979,0.0570817232131958,0.45926334160007354,5000.0,False,2700
10,TTL2700,3600,1200,120,900,2700.0,60,37713.99999999997,34519.899999999994,3194.099999999978,0.5226376669689042,14,45,0,49,10888,2.580064058303833,0.05733475685119629,0.41329904481998525,4500.0,False,2700
11,TTL2700,3600,1200,120,900,2700.0,60,40752.899999999994,37571.600000000006,3181.2999999999847,0.47826286607174057,15,46,0,48,10898,2.621349573135376,0.05698586028555165,0.42209579739401726,4600.0,False,2700
12,TTL2700,3600,1200,120,900,2700.0,60,46385.39999999996,38881.89999999997,7503.499999999988,1.0900292062220867,18,50,0,44,10900,3.1392745971679688,0.06278549194335938,0.45871559633027525,5000.0,False,2700
13,TTL2700,3600,1200,120,900,2700.0,60,40757.69999999998,37734.19999999999,3023.4999999999905,0.4525812448333649,13,47,0,47,10899,2.687838315963745,0.05718804927582436,0.4312322231397376,4700.0,False,2700
14,TTL2700,3600,1200,120,900,2700.0,60,42383.299999999974,38502.899999999994,3880.399999999979,0.5692522832374606,16,45,0,49,10891,2.567291259765625,0.05705091688368055,0.4131851987879901,4500.0,False,2700
15,TTL2700,3600,1200,120,900,2700.0,60,39510.99999999998,37283.09999999999,2227.8999999999837,0.33752457916220885,15,47,0,47,10887,2.6337637901306152,0.05603752744958756,0.4317075411040691,4700.0,False,2700
16,TTL2700,3600,1200,120,900,2700.0,60,40922.09999999998,38135.999999999985,2786.0999999999885,0.41265136688358683,15,42,0,52,10891,2.6353156566619873,0.06274561087290446,0.3856395188687908,4200.0,False,2700
17,TTL2700,3600,1200,120,900,2700.0,60,40913.50000000002,38984.400000000016,1929.100000000005,0.2795024462306766,14,45,0,48,10901,2.58064341545105,0.05734763145446777,0.41280616457205754,4500.0,False,2700
18,TTL2700,3600,1200,120,900,2700.0,60,40815.89999999997,37748.399999999994,3067.49999999998,0.4589947833899866,16,43,0,50,10883,2.406466245651245,0.055964331294215006,0.39511164201047505,4300.0,False,2700
19,TTL2700,3600,1200,120,900,2700.0,60,40914.79999999998,38714.200000000004,2200.59999999998,0.32106469040720254,13,45,0,49,10889,2.7051429748535156,0.060114288330078126,0.41326108917255944,4500.0,False,2700
20,TTL2700,3600,1200,120,900,2700.0,60,41479.59999999998,39215.89999999998,2263.699999999995,0.3260456505237315,17,41,0,53,10900,2.5273263454437256,0.061642105986432334,0.3761467889908257,4100.0,False,2700
21,TTL2700,3600,1200,120,900,2700.0,60,39566.499999999935,37960.499999999956,1605.9999999999804,0.23896557598695084,13,44,0,51,10888,2.3219552040100098,0.05277170918204568,0.4041146216017634,4400.0,False,2700
22,TTL2700,3600,1200,120,900,2700.0,60,38309.1,36135.1,2173.999999999999,0.33982240213854337,16,45,0,49,10871,2.562692880630493,0.05694873068067763,0.4139453592125839,4500.0,False,2700
23,TTL2700,3600,1200,120,900,2700.0,60,41569.299999999974,37757.69999999999,3811.5999999999867,0.5701951427882809,18,47,0,47,10898,2.6443679332733154,0.05626314751645352,0.4312717929895394,4700.0,False,2700
24,TTL2700,3600,1200,120,900,2700.0,60,36273.99999999997,32937.99999999998,3335.9999999999945,0.5720718045692234,16,43,0,51,10858,2.3713927268981934,0.05514866806739985,0.3960213667342052,4300.0,False,2700
0,TTL3600,3600,1200,120,900,3600.0,60,43872.099999999984,39249.19999999999,4622.899999999993,0.6652814537663138,15,49,0,45,10905,2.7735414505004883,0.056602886744907925,0.4493351673544246,4900.0,False,3600
1,TTL3600,3600,1200,120,900,3600.0,60,40668.800000000105,38195.60000000011,2473.199999999997,0.3657359302302684,14,41,0,54,10900,2.631228446960449,0.0641763035844012,0.3761467889908257,4100.0,False,3600
2,TTL3600,3600,1200,120,900,3600.0,60,42152.19999999998,38583.999999999985,3568.2000000000007,0.5223524868248072,13,44,0,50,10884,2.567380905151367,0.058349566026167435,0.40426313855200297,4400.0,False,3600
3,TTL3600,3600,1200,120,900,3600.0,60,40605.89999999998,37802.19999999998,2803.7000000000007,0.4189249175043656,13,44,0,49,10896,2.5320072174072266,0.057545618577436966,0.4038179148311307,4400.0,False,3600
4,TTL3600,3600,1200,120,900,3600.0,60,39733.799999999974,37481.29999999999,2252.4999999999836,0.3394469265450238,13,40,0,54,10900,2.216336965560913,0.055408424139022826,0.3669724770642202,4000.0,False,3600
5,TTL3600,3600,1200,120,900,3600.0,60,39037.3,37081.1,1956.2000000000007,0.29797674541762514,16,49,0,45,10882,2.647749423980713,0.05403570253021863,0.450284874104025,4900.0,False,3600
6,TTL3600,3600,1200,120,900,3600.0,60,38967.09999999998,35236.39999999999,3730.699999999988,0.5980266285575551,17,47,0,47,10875,2.655822992324829,0.05650687217712402,0.432183908045977,4700.0,False,3600
7,TTL3600,3600,1200,120,900,3600.0,60,40698.499999999985,37002.5,3695.9999999999836,0.5641864115210485,17,44,0,50,10888,2.550947666168213,0.05797608332200484,0.4041146216017634,4400.0,False,3600
8,TTL3600,3600,1200,120,900,3600.0,60,40934.599999999955,36833.29999999998,4101.2999999999765,0.628930468228057,15,43,0,50,10891,2.686811685562134,0.06248399268749148,0.39482141217519057,4300.0,False,3600
9,TTL3600,3600,1200,120,900,3600.0,60,40190.29999999998,37007.09999999999,3183.1999999999916,0.4858482012109278,15,50,0,44,10887,2.85138201713562,0.057027640342712405,0.45926334160007354,5000.0,False,3600
10,TTL3600,3600,1200,120,900,3600.0,60,37713.99999999997,34519.899999999994,3194.099999999978,0.5226376669689042,14,45,0,49,10888,2.598294258117676,0.057739872402615015,0.41329904481998525,4500.0,False,3600
11,TTL3600,3600,1200,120,900,3600.0,60,40752.899999999994,37571.600000000006,3181.2999999999847,0.47826286607174057,15,46,0,48,10898,2.602266788482666,0.05657101714092752,0.42209579739401726,4600.0,False,3600
12,TTL3600,3600,1200,120,900,3600.0,60,46385.39999999996,38881.89999999997,7503.499999999988,1.0900292062220867,18,50,0,44,10900,3.125093460083008,0.06250186920166016,0.45871559633027525,5000.0,False,3600
13,TTL3600,3600,1200,120,900,3600.0,60,40757.69999999998,37734.19999999999,3023.4999999999905,0.4525812448333649,13,47,0,47,10899,2.674647808074951,0.056907400171807475,0.4312322231397376,4700.0,False,3600
14,TTL3600,3600,1200,120,900,3600.0,60,42383.299999999974,38502.899999999994,3880.399999999979,0.5692522832374606,16,45,0,49,10891,2.555894136428833,0.05679764747619629,0.4131851987879901,4500.0,False,3600
15,TTL3600,3600,1200,120,900,3600.0,60,39510.99999999998,37283.09999999999,2227.8999999999837,0.33752457916220885,15,47,0,47,10887,2.6400537490844727,0.05617135636349942,0.4317075411040691,4700.0,False,3600
16,TTL3600,3600,1200,120,900,3600.0,60,40922.09999999998,38135.999999999985,2786.0999999999885,0.41265136688358683,15,42,0,52,10891,2.6397619247436523,0.06285147439865839,0.3856395188687908,4200.0,False,3600
17,TTL3600,3600,1200,120,900,3600.0,60,40913.50000000002,38984.400000000016,1929.100000000005,0.2795024462306766,14,45,0,48,10901,2.527824878692627,0.05617388619316949,0.41280616457205754,4500.0,False,3600
18,TTL3600,3600,1200,120,900,3600.0,60,40815.89999999997,37748.399999999994,3067.49999999998,0.4589947833899866,16,43,0,50,10883,2.4411370754241943,0.05677062966102778,0.39511164201047505,4300.0,False,3600
19,TTL3600,3600,1200,120,900,3600.0,60,40914.79999999998,38714.200000000004,2200.59999999998,0.32106469040720254,13,45,0,49,10889,2.7024827003479004,0.06005517111884223,0.41326108917255944,4500.0,False,3600
20,TTL3600,3600,1200,120,900,3600.0,60,41479.59999999998,39215.89999999998,2263.699999999995,0.3260456505237315,17,41,0,53,10900,2.507955551147461,0.06116964758896246,0.3761467889908257,4100.0,False,3600
21,TTL3600,3600,1200,120,900,3600.0,60,39566.499999999935,37960.499999999956,1605.9999999999804,0.23896557598695084,13,44,0,51,10888,2.3220717906951904,0.05277435887943615,0.4041146216017634,4400.0,False,3600
22,TTL3600,3600,1200,120,900,3600.0,60,38309.1,36135.1,2173.999999999999,0.33982240213854337,16,45,0,49,10871,2.5750293731689453,0.057222874959309895,0.4139453592125839,4500.0,False,3600
23,TTL3600,3600,1200,120,900,3600.0,60,41569.299999999974,37757.69999999999,3811.5999999999867,0.5701951427882809,18,47,0,47,10898,2.6444296836853027,0.05626446135500644,0.4312717929895394,4700.0,False,3600
24,TTL3600,3600,1200,120,900,3600.0,60,36273.99999999997,32937.99999999998,3335.9999999999945,0.5720718045692234,16,43,0,51,10858,2.357255220413208,0.05481988884681879,0.3960213667342052,4300.0,False,3600
